Approve? (Y/N/?),Quality flag,Notes,Borough / Body,Supplier,Contract Title,Categories,Award Date,Value (GBP),Scope,Source Portal,Source URL,Source ID,Council (raw),Scraped At
,,,Barking and Dagenham,YMCA,"Rush Green Road, Romford — new 6-storey supported accommodation block, 184 short-term supported housing units. Spans boundary between Barking & Dagenham and Havering. Planning approved February 2026.",Supported accommodation | Emergency accommodation,10/02/2026,,Local,council-cabinet-doc,https://www.lbbd.gov.uk/adult-health-and-social-care/care-and-housing/supported-living-and-accommodation,,London Borough of Barking and Dagenham,2026-06-07T10:59:41.619613
,,,Barnet,Your Choice (Barnet) Ltd,"Supported living services, day services and respite support service contract (Barnet). 5 years 2 months from 1 February 2017 to 31 March 2022. In-house provider company. (Barnet Cabinet Decision 6596)",Supported living | Learning disabilities | Day services | Respite,01/02/2017,,Local,council-cabinet-doc,https://barnet.moderngov.co.uk/ieDecisionDetails.aspx?Id=6596,,London Borough of Barnet,2026-06-07T11:02:53.912780
N,MISCLASSIFIED — actually West Northamptonshire (not London),,Bexley,A2Care,WNC Nightly Purchased Temporary Accommodation DPS (Bidstats 825294968; Award · supplier @ Northampton),Supported accommodation | Supported living,24 Jun 202,3M,Local,bidstats,https://bidstats.uk/notice/825294968,825294968,Bexley,2026-06-07T10:36:21.502670
N,MISCLASSIFIED — actually West Northamptonshire (not London),,Bexley,Centennial Property,WNC Nightly Purchased Temporary Accommodation DPS (Bidstats 825294968; Award · supplier @ Capability Green Luton),Supported accommodation | Supported living,24 Jun 202,3M,Local,bidstats,https://bidstats.uk/notice/825294968,825294968,Bexley,2026-06-07T10:36:21.502670
N,MISCLASSIFIED — actually West Northamptonshire (not London),,Bexley,Compassionate Care Bureau,WNC Nightly Purchased Temporary Accommodation DPS (Bidstats 825294968; Award · supplier @ Summerhouse Road Northampton),Supported accommodation | Supported living,24 Jun 202,3M,Local,bidstats,https://bidstats.uk/notice/825294968,825294968,Bexley,2026-06-07T10:36:21.502670
N,MISCLASSIFIED — actually West Northamptonshire (not London),,Bexley,County Private Client,WNC Nightly Purchased Temporary Accommodation DPS (Bidstats 825294968; Award · supplier @ High Road London),Supported accommodation | Supported living,24 Jun 202,3M,Local,bidstats,https://bidstats.uk/notice/825294968,825294968,Bexley,2026-06-07T10:36:21.502670
N,MISCLASSIFIED — actually West Northamptonshire (not London),,Bexley,Exclusive Housing Solutions,WNC Nightly Purchased Temporary Accommodation DPS (Bidstats 825294968; Award · supplier @ Stanmore),Supported accommodation | Supported living,24 Jun 202,3M,Local,bidstats,https://bidstats.uk/notice/825294968,825294968,Bexley,2026-06-07T10:36:21.502670
N,MISCLASSIFIED — actually West Northamptonshire (not London),,Bexley,Great Property Services,WNC Nightly Purchased Temporary Accommodation DPS (Bidstats 825294968; Award · supplier @ Abington Park Crescent Northampton),Supported accommodation | Supported living,24 Jun 202,3M,Local,bidstats,https://bidstats.uk/notice/825294968,825294968,Bexley,2026-06-07T10:36:21.502670
N,MISCLASSIFIED — actually West Northamptonshire (not London),,Bexley,House to Home Lettings,WNC Nightly Purchased Temporary Accommodation DPS (Bidstats 825294968; Award · supplier @ Bexley Road Erith London),Supported accommodation | Supported living,24 Jun 202,3M,Local,bidstats,https://bidstats.uk/notice/825294968,825294968,Bexley,2026-06-07T10:36:21.502670
N,MISCLASSIFIED — actually West Northamptonshire (not London),,Bexley,Kwikfix Recruitment Services,WNC Nightly Purchased Temporary Accommodation DPS (Bidstats 825294968; Award · supplier @ Northampton),Supported accommodation | Supported living,24 Jun 202,3M,Local,bidstats,https://bidstats.uk/notice/825294968,825294968,Bexley,2026-06-07T10:36:21.502670
N,MISCLASSIFIED — actually West Northamptonshire (not London),,Bexley,Liberty Housing Solutions,WNC Nightly Purchased Temporary Accommodation DPS (Bidstats 825294968; Award · supplier @ Stanmore),Supported accommodation | Supported living,24 Jun 202,3M,Local,bidstats,https://bidstats.uk/notice/825294968,825294968,Bexley,2026-06-07T10:36:21.502670
N,MISCLASSIFIED — actually West Northamptonshire (not London),,Bexley,Marbell Group,WNC Nightly Purchased Temporary Accommodation DPS (Bidstats 825294968; Award · supplier @ Northampton),Supported accommodation | Supported living,24 Jun 202,3M,Local,bidstats,https://bidstats.uk/notice/825294968,825294968,Bexley,2026-06-07T10:36:21.502670
N,MISCLASSIFIED — actually West Northamptonshire (not London),,Bexley,Sai Aryan Properties,WNC Nightly Purchased Temporary Accommodation DPS (Bidstats 825294968; Award · supplier @ Central Milton Keynes),Supported accommodation | Supported living,24 Jun 202,3M,Local,bidstats,https://bidstats.uk/notice/825294968,825294968,Bexley,2026-06-07T10:36:21.502670
N,MISCLASSIFIED — actually West Northamptonshire (not London),,Bexley,TCH Prop,WNC Nightly Purchased Temporary Accommodation DPS (Bidstats 825294968; Award · supplier @ Borehamwood),Supported accommodation | Supported living,24 Jun 202,3M,Local,bidstats,https://bidstats.uk/notice/825294968,825294968,Bexley,2026-06-07T10:36:21.502670
,,,Brent,Centrepoint Soho,"Block Contract for Semi-Independent Accommodation for Looked After Children aged 16+ and Care Leavers aged 18+ (Brent). 3yr + 2yr option, from April 2018. £500K+ key decision. (Brent Cabinet Decision ID 4103)",Supported accommodation | Care leavers | Young people,13/04/2018,,Local,council-cabinet-doc,https://democracy.brent.gov.uk/ieDecisionDetails.aspx?Id=4103,,London Borough of Brent,2026-06-07T10:59:41.619613
,,,Brent,Equinox Care,"Accommodation Based Supported Living Services for People with Mental Health Difficulties at 69 Craven Park Road (Brent). £206,552 extension, 10 months from 1 November 2025 pending re-procurement. (Brent Cabinet Decision ID 7560, Oct 2025)",Supported living | Mental health supported accommodation,01/11/2025,"£206,552",Local,council-cabinet-doc,https://democracy.brent.gov.uk/ieDecisionDetails.aspx?ID=7560,,London Borough of Brent,2026-06-07T10:59:41.619613
,,,Brent,Metropolitan Housing Trust Limited,"Supported Living Services for Adults at Woodhill Crescent (Brent). £169,066 / 6 months extension Apr-Sep 2025 pending re-procurement. (Brent Cabinet Decision ID 7315, March 2025)",Supported living | Adults,01/04/2025,"£169,066",Local,council-cabinet-doc,https://democracy.brent.gov.uk/ieDecisionDetails.aspx?ID=7315,,London Borough of Brent,2026-06-07T10:59:41.619613
,,,Brent,Valley Housing,"Supported Living provider in Brent — multiple sites, contracts expiring 31 March 2025. Mentioned in Brent Cabinet documents as supported living provider for vulnerable adults with learning disabilities/autism.",Supported living | Learning disabilities | Autism,,,Local,council-cabinet-doc,https://democracy.brent.gov.uk/documents/s145884/16.+Authority+to+Tender+Report+6+LD+Sites.pdf,,London Borough of Brent,2026-06-07T11:01:49.244102
?,FRAMEWORK — supplier name = buyer; suppliers TBD via mini-comp,,Bromley,London Borough of Bromley Extra Care Housing Re-Procurement,5 Extra Care Housing schemes - re-procurement of care and support services launched 2025. Find-a-Tender Notice 007384-2025.,Extra care | Older people,06/03/2025,,Local,council-cabinet-doc,https://www.find-tender.service.gov.uk/Notice/007384-2025,,London Borough of Bromley,2026-06-07T11:05:26.596027
,,,Bromley,Riverside,Bromley Supported Housing - Riverside operates supported housing in Bromley.,Supported housing | Adults,,,Local,council-cabinet-doc,https://www.riverside.org.uk/in-your-neighbourhood/bromley-2/care-and-support/bromley-supported-housing/,,London Borough of Bromley,2026-06-07T11:05:26.596027
,,,Camden,Single Homeless Project,Extension to Camden Respite Rooms (Bidstats 841155189; Award · supplier @ London),Supported accommodation | Supported living,21 Feb 202,650K,Local,bidstats,https://bidstats.uk/notice/841155189,841155189,Camden,2026-06-07T10:36:21.502670
,,,Camden,St Mungo Community Housing Association,Extensions to Contracts for Mental Health Supported Living Services — extension awarded to St Mungo's (one of the mental-health supported living providers Camden uses). Value £179K–£1M.,Supported living | Mental health supported accommodation,09/01/2025,"£1,000,000",Local,bidstats,https://bidstats.uk/tenders/2025/W02/838337007,,London Borough of Camden,2026-06-07T07:18:04.502616
,,,Camden,The Riverside Group,Extensions to Contracts for Mental Health Supported Living Services — extension awarded to Riverside Group. Value £179K–£1M.,Supported living | Mental health supported accommodation,09/01/2025,"£1,000,000",Local,bidstats,https://bidstats.uk/tenders/2025/W02/838337007,,London Borough of Camden,2026-06-07T07:18:04.502616
,,,Camden,University College London Hospitals NHS Trust,Camden Adult Pathway Partnership (CAPP) 25/26 (Bidstats 844759314; Award · supplier @ London),Supported accommodation | Supported living,17 Apr 202,251K,Local,bidstats,https://bidstats.uk/notice/844759314,844759314,Camden,2026-06-07T10:06:46.084863
,,,Croydon,Ashdown Care Homes,Independent Supported Living Service for Adults With High Level Needs Flexible Framework - Initial Round (Bidstats 827851182; Award · supplier @ Newcastle upon Tyne),Supported accommodation | Supported living,02 Aug 202,2M,Local,bidstats,https://bidstats.uk/notice/827851182,827851182,Croydon,2026-06-07T10:32:34.280118
,,,Croydon,Be Caring,Independent Supported Living Service for Adults With High Level Needs Flexible Framework - Initial Round (Bidstats 827851182; Award · supplier @ Newcastle upon Tyne),Supported accommodation | Supported living,02 Aug 202,2M,Local,bidstats,https://bidstats.uk/notice/827851182,827851182,Croydon,2026-06-07T10:32:34.280118
,,,Croydon,Community Integrated Care,Independent Supported Living Service for Adults With High Level Needs Flexible Framework - Initial Round (Bidstats 827851182; Award · supplier @ Widnes),Supported accommodation | Supported living,02 Aug 202,2M,Local,bidstats,https://bidstats.uk/notice/827851182,827851182,Croydon,2026-06-07T10:32:34.280118
,,,Croydon,Coquet Trust,Independent Supported Living Service for Adults With High Level Needs Flexible Framework - Initial Round (Bidstats 827851182; Award · supplier @ Gateshead),Supported accommodation | Supported living,02 Aug 202,2M,Local,bidstats,https://bidstats.uk/notice/827851182,827851182,Croydon,2026-06-07T10:32:34.280118
,,,Croydon,Creative Support,Independent Supported Living Service for Adults With High Level Needs Flexible Framework - Initial Round (Bidstats 827851182; Award · supplier @ Stockport),Supported accommodation | Supported living,02 Aug 202,2M,Local,bidstats,https://bidstats.uk/notice/827851182,827851182,Croydon,2026-06-07T10:32:34.280118
,,,Croydon,Dimensions Personalised Support,Independent Supported Living Service for Adults With High Level Needs Flexible Framework - Initial Round (Bidstats 827851182; Award · supplier @ Reading),Supported accommodation | Supported living,02 Aug 202,2M,Local,bidstats,https://bidstats.uk/notice/827851182,827851182,Croydon,2026-06-07T10:32:34.280118
,,,Croydon,Essential Care & Support,Independent Supported Living Service for Adults With High Level Needs Flexible Framework - Initial Round (Bidstats 827851182; Award · supplier @ Accrington),Supported accommodation | Supported living,02 Aug 202,2M,Local,bidstats,https://bidstats.uk/notice/827851182,827851182,Croydon,2026-06-07T10:32:34.280118
,,,Croydon,Flexible Support Options,Independent Supported Living Service for Adults With High Level Needs Flexible Framework - Initial Round (Bidstats 827851182; Award · supplier @ Newcastle upon Tyne),Supported accommodation | Supported living,02 Aug 202,2M,Local,bidstats,https://bidstats.uk/notice/827851182,827851182,Croydon,2026-06-07T10:32:34.280118
,,,Croydon,Hestia Housing & Support,Floating Support for Adults With Disabilities and Vulnerable Adults (Call Off DPS3 Lot 1 and 2)… (Bidstats 828637276; Award · supplier @ London),Supported accommodation | Supported living,14 Aug 202,,Local,bidstats,https://bidstats.uk/notice/828637276,828637276,London Borough of Croydon,2026-06-07T10:32:34.280118
,,,Croydon,Immediate Social Care,Floating Support for Adults With Disabilities and Vulnerable Adults (Call Off DPS3 Lot 1 and 2)… (Bidstats 828637276; Award · supplier @ Select),Supported accommodation | Supported living,14 Aug 202,,Local,bidstats,https://bidstats.uk/notice/828637276,828637276,London Borough of Croydon,2026-06-07T10:32:34.280118
,,,Croydon,Inspired Care,Independent Supported Living Service for Adults With High Level Needs Flexible Framework - Initial Round (Bidstats 827851182; Award · supplier @ Boldon Colliery),Supported accommodation | Supported living,02 Aug 202,2M,Local,bidstats,https://bidstats.uk/notice/827851182,827851182,Croydon,2026-06-07T10:32:34.280118
,,,Croydon,Lifecome,Step Down Accommodation (Bidstats 835977734; Award; supplier @ London),Supported accommodation | Supported living,04 Dec 202,1M-,Local,bidstats,https://bidstats.uk/notice/835977734,835977734,Croydon,2026-06-07T08:46:48.540495
,,,Croydon,Lifeways Community Care,Independent Supported Living Service for Adults With High Level Needs Flexible Framework - Initial Round (Bidstats 827851182; Award · supplier @ Warrington),Supported accommodation | Supported living,02 Aug 202,2M,Local,bidstats,https://bidstats.uk/notice/827851182,827851182,Croydon,2026-06-07T10:32:34.280118
,,,Croydon,Potensial,Independent Supported Living Service for Adults With High Level Needs Flexible Framework - Initial Round (Bidstats 827851182; Award · supplier @ Wirral),Supported accommodation | Supported living,02 Aug 202,2M,Local,bidstats,https://bidstats.uk/notice/827851182,827851182,Croydon,2026-06-07T10:32:34.280118
,,,Croydon,Rethink Trading,Independent Supported Living Service for Adults With High Level Needs Flexible Framework - Initial Round (Bidstats 827851182; Award · supplier @ London),Supported accommodation | Supported living,02 Aug 202,2M,Local,bidstats,https://bidstats.uk/notice/827851182,827851182,Croydon,2026-06-07T10:32:34.280118
,,,Croydon,Saint John of God Hospitaller Services,Independent Supported Living Service for Adults With High Level Needs Flexible Framework - Initial Round (Bidstats 827851182; Award · supplier @ Darlington),Supported accommodation | Supported living,02 Aug 202,2M,Local,bidstats,https://bidstats.uk/notice/827851182,827851182,Croydon,2026-06-07T10:32:34.280118
,,,Croydon,Southcroft Healthcare Lodge,Step Down Accommodation (Bidstats 835977734; Award; supplier @ London),Supported accommodation | Supported living,04 Dec 202,1M-,Local,bidstats,https://bidstats.uk/notice/835977734,835977734,Croydon,2026-06-07T08:46:48.540495
,,,Croydon,St Annes Community Services,Independent Supported Living Service for Adults With High Level Needs Flexible Framework - Initial Round (Bidstats 827851182; Award · supplier @ Leeds),Supported accommodation | Supported living,02 Aug 202,2M,Local,bidstats,https://bidstats.uk/notice/827851182,827851182,Croydon,2026-06-07T10:32:34.280118
,,,Croydon,Sunderland Home Care Associates 20 20,Independent Supported Living Service for Adults With High Level Needs Flexible Framework - Initial Round (Bidstats 827851182; Award · supplier @ Sunderland),Supported accommodation | Supported living,02 Aug 202,2M,Local,bidstats,https://bidstats.uk/notice/827851182,827851182,Croydon,2026-06-07T10:32:34.280118
,,,Croydon,United Response Services,Independent Supported Living Service for Adults With High Level Needs Flexible Framework - Initial Round (Bidstats 827851182; Award · supplier @ Croydon),Supported accommodation | Supported living,02 Aug 202,2M,Local,bidstats,https://bidstats.uk/notice/827851182,827851182,Croydon,2026-06-07T10:32:34.280118
,,,Ealing,Accomplish Group Support,Supported Living for People With Learning Disabilities (Bidstats 791412853; Award),Supported accommodation | Supported living,24 Jan 202,,Local,bidstats,https://bidstats.uk/notice/791412853,791412853,Ealing,2026-06-07T08:45:07.529664
,,,Ealing,Accomplish Group Support,Supported Living for People With Mental Health Needs (Bidstats 791609624; Award · supplier @ Birmingham),Supported accommodation | Supported living,27 Jan 202,,Local,bidstats,https://bidstats.uk/notice/791609624,791609624,Ealing,2026-06-07T10:32:34.280118
,,,Ealing,Advance Housing & Support,Supported Living for People With Learning Disabilities (Bidstats 791412853; Award),Supported accommodation | Supported living,24 Jan 202,,Local,bidstats,https://bidstats.uk/notice/791412853,791412853,Ealing,2026-06-07T08:45:07.529664
,,,Ealing,Advance Housing & Support,Supported Living for People With Mental Health Needs (Bidstats 791609624; Award · supplier @ Witney),Supported accommodation | Supported living,27 Jan 202,,Local,bidstats,https://bidstats.uk/notice/791609624,791609624,Ealing,2026-06-07T10:32:34.280118
,,,Ealing,Ambergreen Health & Social Care,Supported Living for People With Mental Health Needs (Bidstats 791609624; Award · supplier @ Luton),Supported accommodation | Supported living,27 Jan 202,,Local,bidstats,https://bidstats.uk/notice/791609624,791609624,Ealing,2026-06-07T10:32:34.280118
,,,Ealing,Aspiration Care,Supported Living for People With Learning Disabilities (Bidstats 791412853; Award),Supported accommodation | Supported living,24 Jan 202,,Local,bidstats,https://bidstats.uk/notice/791412853,791412853,Ealing,2026-06-07T08:45:07.529664
,,,Ealing,Bedfordshire Supported Housing,Supported Living for People With Learning Disabilities (Bidstats 791412853; Award),Supported accommodation | Supported living,24 Jan 202,,Local,bidstats,https://bidstats.uk/notice/791412853,791412853,Ealing,2026-06-07T08:45:07.529664
,,,Ealing,Best Choice Global,Supported Living for People With Learning Disabilities (Bidstats 791412853; Award),Supported accommodation | Supported living,24 Jan 202,,Local,bidstats,https://bidstats.uk/notice/791412853,791412853,Ealing,2026-06-07T08:45:07.529664
,,,Ealing,Care Solutions Group,Supported Living for People With Learning Disabilities (Bidstats 791412853; Award),Supported accommodation | Supported living,24 Jan 202,,Local,bidstats,https://bidstats.uk/notice/791412853,791412853,Ealing,2026-06-07T08:45:07.529664
,,,Ealing,Catalyst Housing,Supported Living for People With Learning Disabilities (Bidstats 791412853; Award),Supported accommodation | Supported living,24 Jan 202,,Local,bidstats,https://bidstats.uk/notice/791412853,791412853,Ealing,2026-06-07T08:45:07.529664
,,,Ealing,Catalyst Housing,Supported Living for People With Mental Health Needs (Bidstats 791609624; Award · supplier @ Ealing),Supported accommodation | Supported living,27 Jan 202,,Local,bidstats,https://bidstats.uk/notice/791609624,791609624,Ealing,2026-06-07T10:32:34.280118
,,,Ealing,Chosen Care Group,Supported Living for People With Learning Disabilities (Bidstats 791412853; Award),Supported accommodation | Supported living,24 Jan 202,,Local,bidstats,https://bidstats.uk/notice/791412853,791412853,Ealing,2026-06-07T08:45:07.529664
,,,Ealing,Churchill Health Care,Supported Living for People With Learning Disabilities (Bidstats 791412853; Award),Supported accommodation | Supported living,24 Jan 202,,Local,bidstats,https://bidstats.uk/notice/791412853,791412853,Ealing,2026-06-07T08:45:07.529664
,,,Ealing,Churchill Health Care,Supported Living for People With Mental Health Needs (Bidstats 791609624; Award · supplier @ Pinner),Supported accommodation | Supported living,27 Jan 202,,Local,bidstats,https://bidstats.uk/notice/791609624,791609624,Ealing,2026-06-07T10:32:34.280118
,,,Ealing,Comfort Zone Care Services,Supported Living for People With Learning Disabilities (Bidstats 791412853; Award),Supported accommodation | Supported living,24 Jan 202,,Local,bidstats,https://bidstats.uk/notice/791412853,791412853,Ealing,2026-06-07T08:45:07.529664
,,,Ealing,Comfort Zone Care Services,Supported Living for People With Mental Health Needs (Bidstats 791609624; Award · supplier @ Luton),Supported accommodation | Supported living,27 Jan 202,,Local,bidstats,https://bidstats.uk/notice/791609624,791609624,Ealing,2026-06-07T10:32:34.280118
,,,Ealing,Craegmoor Supporting You,Supported Living for People With Mental Health Needs (Bidstats 791609624; Award · supplier @ London),Supported accommodation | Supported living,27 Jan 202,,Local,bidstats,https://bidstats.uk/notice/791609624,791609624,Ealing,2026-06-07T10:32:34.280118
,,,Ealing,Deway Care,Supported Living for People With Learning Disabilities (Bidstats 791412853; Award),Supported accommodation | Supported living,24 Jan 202,,Local,bidstats,https://bidstats.uk/notice/791412853,791412853,Ealing,2026-06-07T08:45:07.529664
,,,Ealing,Deway Care,Supported Living for People With Mental Health Needs (Bidstats 791609624; Award · supplier @ Harold Wood),Supported accommodation | Supported living,27 Jan 202,,Local,bidstats,https://bidstats.uk/notice/791609624,791609624,Ealing,2026-06-07T10:32:34.280118
,,,Ealing,Dimensions,Supported Living for People With Learning Disabilities (Bidstats 791412853; Award),Supported accommodation | Supported living,24 Jan 202,,Local,bidstats,https://bidstats.uk/notice/791412853,791412853,Ealing,2026-06-07T08:45:07.529664
,,,Ealing,Ejc Group,Supported Living for People With Learning Disabilities (Bidstats 791412853; Award),Supported accommodation | Supported living,24 Jan 202,,Local,bidstats,https://bidstats.uk/notice/791412853,791412853,Ealing,2026-06-07T08:45:07.529664
,,,Ealing,Gateway Care Services,Supported Living for People With Learning Disabilities (Bidstats 791412853; Award),Supported accommodation | Supported living,24 Jan 202,,Local,bidstats,https://bidstats.uk/notice/791412853,791412853,Ealing,2026-06-07T08:45:07.529664
,,,Ealing,Gateway Care Services,Supported Living for People With Mental Health Needs (Bidstats 791609624; Award · supplier @ Erith),Supported accommodation | Supported living,27 Jan 202,,Local,bidstats,https://bidstats.uk/notice/791609624,791609624,Ealing,2026-06-07T10:32:34.280118
,,,Ealing,Gray Healthcare,Supported Living for People With Learning Disabilities (Bidstats 791412853; Award),Supported accommodation | Supported living,24 Jan 202,,Local,bidstats,https://bidstats.uk/notice/791412853,791412853,Ealing,2026-06-07T08:45:07.529664
,,,Ealing,Gray Healthcare,Supported Living for People With Mental Health Needs (Bidstats 791609624; Award · supplier @ Liverpool),Supported accommodation | Supported living,27 Jan 202,,Local,bidstats,https://bidstats.uk/notice/791609624,791609624,Ealing,2026-06-07T10:32:34.280118
,,,Ealing,Hillside Care Services CIC,Supported Living for People With Learning Disabilities (Bidstats 791412853; Award),Supported accommodation | Supported living,24 Jan 202,,Local,bidstats,https://bidstats.uk/notice/791412853,791412853,Ealing,2026-06-07T08:45:07.529664
,,,Ealing,Itrust Agency,Supported Living for People With Learning Disabilities (Bidstats 791412853; Award),Supported accommodation | Supported living,24 Jan 202,,Local,bidstats,https://bidstats.uk/notice/791412853,791412853,Ealing,2026-06-07T08:45:07.529664
,,,Ealing,Jakaranda Care,Supported Living for People With Learning Disabilities (Bidstats 791412853; Award),Supported accommodation | Supported living,24 Jan 202,,Local,bidstats,https://bidstats.uk/notice/791412853,791412853,Ealing,2026-06-07T08:45:07.529664
,,,Ealing,Jakky Care Group,Supported Living for People With Learning Disabilities (Bidstats 791412853; Award),Supported accommodation | Supported living,24 Jan 202,,Local,bidstats,https://bidstats.uk/notice/791412853,791412853,Ealing,2026-06-07T08:45:07.529664
,,,Ealing,K & S Solutions,Supported Living for People With Mental Health Needs (Bidstats 791609624; Award · supplier @ Northampton),Supported accommodation | Supported living,27 Jan 202,,Local,bidstats,https://bidstats.uk/notice/791609624,791609624,Ealing,2026-06-07T10:32:34.280118
,,,Ealing,Lifeways Supported Independent Living,Supported Living for People With Mental Health Needs (Bidstats 791609624; Award · supplier @ London),Supported accommodation | Supported living,27 Jan 202,,Local,bidstats,https://bidstats.uk/notice/791609624,791609624,Ealing,2026-06-07T10:32:34.280118
,,,Ealing,Lilibet Court Care,Supported Living for People With Learning Disabilities (Bidstats 791412853; Award),Supported accommodation | Supported living,24 Jan 202,,Local,bidstats,https://bidstats.uk/notice/791412853,791412853,Ealing,2026-06-07T08:45:07.529664
,,,Ealing,Luton Friendship Homecarers,Supported Living for People With Learning Disabilities (Bidstats 791412853; Award),Supported accommodation | Supported living,24 Jan 202,,Local,bidstats,https://bidstats.uk/notice/791412853,791412853,Ealing,2026-06-07T08:45:07.529664
,,,Ealing,Mary Seacole Housing Association,Supported Living for People With Learning Disabilities (Bidstats 791412853; Award),Supported accommodation | Supported living,24 Jan 202,,Local,bidstats,https://bidstats.uk/notice/791412853,791412853,Ealing,2026-06-07T08:45:07.529664
,,,Ealing,Mary Seacole Housing Association,Supported Living for People With Mental Health Needs (Bidstats 791609624; Award · supplier @ Luton),Supported accommodation | Supported living,27 Jan 202,,Local,bidstats,https://bidstats.uk/notice/791609624,791609624,Ealing,2026-06-07T10:32:34.280118
,,,Ealing,Mega Resources,Supported Living for People With Learning Disabilities (Bidstats 791412853; Award),Supported accommodation | Supported living,24 Jan 202,,Local,bidstats,https://bidstats.uk/notice/791412853,791412853,Ealing,2026-06-07T08:45:07.529664
,,,Ealing,Midco Care,Supported Living for People With Learning Disabilities (Bidstats 791412853; Award),Supported accommodation | Supported living,24 Jan 202,,Local,bidstats,https://bidstats.uk/notice/791412853,791412853,Ealing,2026-06-07T08:45:07.529664
,,,Ealing,New Directions Flexible Social Care Solution,Supported Living for People With Mental Health Needs (Bidstats 791609624; Award · supplier @ Cheltenham),Supported accommodation | Supported living,27 Jan 202,,Local,bidstats,https://bidstats.uk/notice/791609624,791609624,Ealing,2026-06-07T10:32:34.280118
,,,Ealing,Nwando Domiciliary Care,Supported Living for People With Learning Disabilities (Bidstats 791412853; Award),Supported accommodation | Supported living,24 Jan 202,,Local,bidstats,https://bidstats.uk/notice/791412853,791412853,Ealing,2026-06-07T08:45:07.529664
,,,Ealing,Nwando Domiciliary Care,Supported Living for People With Mental Health Needs (Bidstats 791609624; Award · supplier @ Bromley),Supported accommodation | Supported living,27 Jan 202,,Local,bidstats,https://bidstats.uk/notice/791609624,791609624,Ealing,2026-06-07T10:32:34.280118
,,,Ealing,Penrose Options,Supported Living for People With Learning Disabilities (Bidstats 791412853; Award),Supported accommodation | Supported living,24 Jan 202,,Local,bidstats,https://bidstats.uk/notice/791412853,791412853,Ealing,2026-06-07T08:45:07.529664
,,,Ealing,Penrose Options,Supported Living for People With Mental Health Needs (Bidstats 791609624; Award · supplier @ London),Supported accommodation | Supported living,27 Jan 202,,Local,bidstats,https://bidstats.uk/notice/791609624,791609624,Ealing,2026-06-07T10:32:34.280118
,,,Ealing,Profad Care Agency,Supported Living for People With Learning Disabilities (Bidstats 791412853; Award),Supported accommodation | Supported living,24 Jan 202,,Local,bidstats,https://bidstats.uk/notice/791412853,791412853,Ealing,2026-06-07T08:45:07.529664
,,,Ealing,Quality Care Surrey,Supported Living for People With Learning Disabilities (Bidstats 791412853; Award),Supported accommodation | Supported living,24 Jan 202,,Local,bidstats,https://bidstats.uk/notice/791412853,791412853,Ealing,2026-06-07T08:45:07.529664
,,,Ealing,Royal Mencap Society,Supported Living for People With Learning Disabilities (Bidstats 791412853; Award),Supported accommodation | Supported living,24 Jan 202,,Local,bidstats,https://bidstats.uk/notice/791412853,791412853,Ealing,2026-06-07T08:45:07.529664
,,,Ealing,S & P Care Services,Supported Living for People With Learning Disabilities (Bidstats 791412853; Award),Supported accommodation | Supported living,24 Jan 202,,Local,bidstats,https://bidstats.uk/notice/791412853,791412853,Ealing,2026-06-07T08:45:07.529664
,,,Ealing,S & P Care Services,Supported Living for People With Mental Health Needs (Bidstats 791609624; Award · supplier @ Aylesbury),Supported accommodation | Supported living,27 Jan 202,,Local,bidstats,https://bidstats.uk/notice/791609624,791609624,Ealing,2026-06-07T10:32:34.280118
,,,Ealing,SGSL,Supported Living for People With Learning Disabilities (Bidstats 791412853; Award),Supported accommodation | Supported living,24 Jan 202,,Local,bidstats,https://bidstats.uk/notice/791412853,791412853,Ealing,2026-06-07T08:45:07.529664
,,,Ealing,Sunrise Rehabilitation Centre,Supported Living for People With Learning Disabilities (Bidstats 791412853; Award),Supported accommodation | Supported living,24 Jan 202,,Local,bidstats,https://bidstats.uk/notice/791412853,791412853,Ealing,2026-06-07T08:45:07.529664
,,,Ealing,Sunrise Rehabilitation Centre,Supported Living for People With Mental Health Needs (Bidstats 791609624; Award · supplier @ Croydon),Supported accommodation | Supported living,27 Jan 202,,Local,bidstats,https://bidstats.uk/notice/791609624,791609624,Ealing,2026-06-07T10:32:34.280118
,,,Ealing,Turning Point Services,Supported Living for People With Learning Disabilities (Bidstats 791412853; Award),Supported accommodation | Supported living,24 Jan 202,,Local,bidstats,https://bidstats.uk/notice/791412853,791412853,Ealing,2026-06-07T08:45:07.529664
,,,Ealing,Turning Point Services,Supported Living for People With Mental Health Needs (Bidstats 791609624; Award · supplier @ London),Supported accommodation | Supported living,27 Jan 202,,Local,bidstats,https://bidstats.uk/notice/791609624,791609624,Ealing,2026-06-07T10:32:34.280118
,,,Ealing,Voyage 1,Supported Living for People With Learning Disabilities (Bidstats 791412853; Award),Supported accommodation | Supported living,24 Jan 202,,Local,bidstats,https://bidstats.uk/notice/791412853,791412853,Ealing,2026-06-07T08:45:07.529664
,,,Ealing,Voyage 1,Supported Living for People With Mental Health Needs (Bidstats 791609624; Award · supplier @ Lichfield),Supported accommodation | Supported living,27 Jan 202,,Local,bidstats,https://bidstats.uk/notice/791609624,791609624,Ealing,2026-06-07T10:32:34.280118
,,,Ealing,Walsingham,Supported Living for People With Learning Disabilities (Bidstats 791412853; Award),Supported accommodation | Supported living,24 Jan 202,,Local,bidstats,https://bidstats.uk/notice/791412853,791412853,Ealing,2026-06-07T08:45:07.529664
,,,Ealing,Winray Care Housing,Supported Living for People With Learning Disabilities (Bidstats 791412853; Award),Supported accommodation | Supported living,24 Jan 202,,Local,bidstats,https://bidstats.uk/notice/791412853,791412853,Ealing,2026-06-07T08:45:07.529664
,,,Ealing,Winray Care Housing,Supported Living for People With Mental Health Needs (Bidstats 791609624; Award · supplier @ Leytonstone),Supported accommodation | Supported living,27 Jan 202,,Local,bidstats,https://bidstats.uk/notice/791609624,791609624,Ealing,2026-06-07T10:32:34.280118
,,,Ealing,Zachs Care,Supported Living for People With Mental Health Needs (Bidstats 791609624; Award · supplier @ Silsoe),Supported accommodation | Supported living,27 Jan 202,,Local,bidstats,https://bidstats.uk/notice/791609624,791609624,Ealing,2026-06-07T10:32:34.280118
,,,Enfield,Social Interest Group,"Mental Health Community Rehabilitation Step-Down Service (Enfield) — awarded to Penrose Options (SIG). £5M, 3-year contract Jan 2020-Jan 2023. Medium/high-support care for adults with complex mental health needs.",Supported living | Mental health step-down accommodation,06/01/2020,"£5,000,000",Local,bidstats,https://bidstats.uk/tenders/2020/W20/726859844,,London Borough of Enfield,2026-06-07T07:18:04.502616
,,,Greenwich,Key 2 Care,Extra Care Framework (Bidstats 824639891; Award · supplier @ Derby),Supported accommodation | Supported living,14 Jun 202,9M,Local,bidstats,https://bidstats.uk/notice/824639891,824639891,Greenwich,2026-06-07T10:37:35.741794
,,,Greenwich,Profad Care Agency,Extra Care Framework (Bidstats 824639891; Award · supplier @ London),Supported accommodation | Supported living,14 Jun 202,9M,Local,bidstats,https://bidstats.uk/notice/824639891,824639891,Greenwich,2026-06-07T10:37:35.741794
?,FRAMEWORK — supplier name = buyer; suppliers TBD via mini-comp,,Hackney,London Borough of Hackney AHI Supported Living Framework (suppliers confidential),"AHI S449 Supported Living Services (SLS) & Residential Open Framework - 3 lots (supported living, residential, block packages). 805.7M / 8 years from October 2025. Suppliers in exempt appendix.",Supported living | Residential care | Adults,01/10/2025,"£805,700,000",Local,council-cabinet-doc,https://hackney.moderngov.co.uk/ieDecisionDetails.aspx?Id=8210,,London Borough of Hackney,2026-06-07T11:05:26.596027
,,,Hammersmith and Fulham,Metropolitan Housing Trust,"Emlyn Gardens — Adults with Learning Disabilities Supported Living contract — White City building, 8 flats (3 wheelchair-accessible). £1,624,770 / 5yr core (3yr initial + 2yr extension) from 11 July 2022 + £1.23M flexible hours + £33K setup. (LBHF Decision ID 4463, June 2022)",Supported living | Learning disabilities,11/07/2022,"£1,624,770",Local,council-cabinet-doc,https://democracy.lbhf.gov.uk/ieDecisionDetails.aspx?Id=4463,,London Borough of Hammersmith & Fulham,2026-06-07T10:59:41.619613
,,,Haringey,Carepoint Housing,Temporary Accommodation Framework (Bidstats 819855617; Award · supplier @ None),Supported accommodation | Supported living,02 Apr 202,9M,Local,bidstats,https://bidstats.uk/notice/819855617,819855617,Haringey,2026-06-07T10:38:30.905823
,,,Haringey,Cromwood,Temporary Accommodation Framework (Bidstats 819855617; Award · supplier @ None),Supported accommodation | Supported living,02 Apr 202,9M,Local,bidstats,https://bidstats.uk/notice/819855617,819855617,Haringey,2026-06-07T10:38:30.905823
,,,Haringey,District Homes CIC,Temporary Accommodation Framework (Bidstats 819855617; Award · supplier @ None),Supported accommodation | Supported living,02 Apr 202,9M,Local,bidstats,https://bidstats.uk/notice/819855617,819855617,Haringey,2026-06-07T10:38:30.905823
,,,Haringey,Helping Hands Housing,Temporary Accommodation Framework (Bidstats 819855617; Award · supplier @ None),Supported accommodation | Supported living,02 Apr 202,9M,Local,bidstats,https://bidstats.uk/notice/819855617,819855617,Haringey,2026-06-07T10:38:30.905823
,,,Haringey,KL Properties,Temporary Accommodation Framework (Bidstats 819855617; Award · supplier @ None),Supported accommodation | Supported living,02 Apr 202,9M,Local,bidstats,https://bidstats.uk/notice/819855617,819855617,Haringey,2026-06-07T10:38:30.905823
,,,Haringey,Phi Capital Investments,Temporary Accommodation Framework (Bidstats 819855617; Award · supplier @ None),Supported accommodation | Supported living,02 Apr 202,9M,Local,bidstats,https://bidstats.uk/notice/819855617,819855617,Haringey,2026-06-07T10:38:30.905823
,,,Haringey,Sire Capital Group,Temporary Accommodation Framework (Bidstats 819855617; Award · supplier @ None),Supported accommodation | Supported living,02 Apr 202,9M,Local,bidstats,https://bidstats.uk/notice/819855617,819855617,Haringey,2026-06-07T10:38:30.905823
,,,Haringey,Stepping Stone Project,Temporary Accommodation Framework (Bidstats 819855617; Award · supplier @ None),Supported accommodation | Supported living,02 Apr 202,9M,Local,bidstats,https://bidstats.uk/notice/819855617,819855617,Haringey,2026-06-07T10:38:30.905823
,,,Haringey,Support Services Consultancy,Temporary Accommodation Framework (Bidstats 819855617; Award · supplier @ None),Supported accommodation | Supported living,02 Apr 202,9M,Local,bidstats,https://bidstats.uk/notice/819855617,819855617,Haringey,2026-06-07T10:38:30.905823
,,,Harrow,Harrow Council Rough Sleeping (Housing First),Rough Sleeping Accommodation Programme (RSAP) — 9 one-bedroom flats acquired for rough sleepers under Housing First model. £2.88M acquisition + initial repairs. Service commencement Dec 2021. Support provider commissioned separately (name not disclosed in public decision).,Emergency accommodation | Homelessness | Housing First,02/10/2021,"£2,880,815",Local,council-cabinet-doc,https://moderngov.harrow.gov.uk/ieDecisionDetails.aspx?Id=62865,,London Borough of Harrow,2026-06-07T11:01:49.244102
,,,Havering,YMCA,"Rush Green Road, Romford — new 6-storey supported accommodation block, 184 short-term supported housing units. Spans boundary between Havering and Barking & Dagenham. Planning approved February 2026.",Supported accommodation | Emergency accommodation,10/02/2026,,Local,council-cabinet-doc,https://www.lbbd.gov.uk/adult-health-and-social-care/care-and-housing/supported-living-and-accommodation,,London Borough of Havering,2026-06-07T10:59:41.619613
,,,Hillingdon,Ability Care and Support,"Care and Support Services for People with Mental Health Needs at Hayes Park Lodge + Hamlet Lodge + floating support service (Hillingdon). £599K / 8-month extension Apr-Nov 2019, aligned with other contract expiry dates for unified retender. (Hillingdon Decision ID 1543, Jan 2019)",Supported living | Mental health | Floating support,01/04/2019,"£599,000",Local,council-cabinet-doc,https://modgov.hillingdon.gov.uk/ieDecisionDetails.aspx?Id=1543,,London Borough of Hillingdon,2026-06-07T10:59:41.619613
,,,Hillingdon,Buckingham Hotels Group,Dynamic Purchasing System - Temporary Accommodation (Bidstats 829096448; Award · supplier @ High Wycombe),Supported accommodation | Supported living,21 Aug 202,,Local,bidstats,https://bidstats.uk/notice/829096448,829096448,London Borough of Hillingdon,2026-06-07T10:05:01.540385
,,,Hillingdon,Pmse London,Dynamic Purchasing System - Temporary Accommodation (Bidstats 829096448; Award · supplier @ Uxbridge),Supported accommodation | Supported living,21 Aug 202,,Local,bidstats,https://bidstats.uk/notice/829096448,829096448,London Borough of Hillingdon,2026-06-07T10:05:01.540385
,,,Hounslow,Certitude,"LIFE Learning Disabilities Supported Living contract — 13 supported living services (Van Gogh Close, South Street, Finney Lane, Victoria Road, 49A/B/C/D Star Road, Thornbury Road, Vicarage Farm Road, Beavers Lane, Burton Gardens, Hounslow Road) — 70 beds total. Current contract ends 30 April 2027. Re-tender £36.25M / 5+3yr starting May 2027. (Hounslow Cabinet s206187, March 2026)",Supported living | Learning disabilities | Autism,01/05/2017,"£36,252,518",Local,council-cabinet-doc,https://democraticservices.hounslow.gov.uk/documents/s206187/Learning%20Disability%20Supported%20Living%20Procurement.pdf,,London Borough of Hounslow,2026-06-07T10:57:09.504188
,,,Hounslow,Look Ahead Care and Support,"Children & Young People's Supported Accommodation Services (PREVIOUS — block contract 2016-2025, replaced by YMCA from Aug 2025). Supported 64 children/young people/young parents across 5 locations. Hounslow's commissioned Care Leavers provider since 2016. (Hounslow Cabinet s201140)",Supported accommodation | Care leavers | Young people,01/04/2016,,Local,council-cabinet-doc,https://democraticservices.hounslow.gov.uk/documents/s201140/Children%20Young%20Peoples%20Supported%20Accommodation%20Services%20-%20Cabinet%20fv.pdf,,London Borough of Hounslow,2026-06-07T10:57:09.504188
,,,Hounslow,St Mungo's,Supported living accommodation in Hounslow — council confirmed working partner for supported living services. (hounslow.gov.uk/housing-options-people-need-support/supported-living),Supported living,,,Local,council-cabinet-doc,https://www.hounslow.gov.uk/housing-options-people-need-support/supported-living,,London Borough of Hounslow,2026-06-07T10:57:09.504188
,,,Hounslow,YMCA St Pauls Group,"Children & Young People's Supported Accommodation Services — 3 individual service contracts + 4 property leases (Service A: 37 units, Ofsted-registered 16-17 yr olds; Service B: 19 units, Care Leavers 18+; Service C: 8 units, Care Leavers + Parent & Child). 4 LBH-owned + 1 Notting Hill Housing Group property. £3.74M / 4yr Aug 2025-Jul 2029 + £1.15M lease income. (Hounslow Cabinet s201140, June 2025)",Supported accommodation | Care leavers | Young people | Looked after children,01/08/2025,"£3,744,233",Local,council-cabinet-doc,https://democraticservices.hounslow.gov.uk/documents/s201140/Children%20Young%20Peoples%20Supported%20Accommodation%20Services%20-%20Cabinet%20fv.pdf,,London Borough of Hounslow,2026-06-07T10:57:09.504188
?,FRAMEWORK — supplier name = buyer; suppliers TBD via mini-comp,,Islington,London Borough of Islington Mental Health Accommodation Pathway,Mental Health Accommodation Pathway Contract Award (Islington). Plus 2425-0692 Supported Housing and Floating Support Framework. Specific provider in democracy portal documents.,Supported accommodation | Mental health | Floating support,,,Local,council-cabinet-doc,https://democracy.islington.gov.uk/documents/s25987/Mental%20Health%20Accommodation%20Pathway%20Contract%20Award%20Report.pdf,,London Borough of Islington,2026-06-07T11:05:26.596027
,,,Kensington and Chelsea,Certitude,Supported living homes operated for 7+ years in RBKC — 10 residents receive round-the-clock bespoke care. (RBKC press release on learning disabilities),Supported living | Learning disabilities,,,Local,council-cabinet-doc,https://www.rbkc.gov.uk/newsroom/mayor-and-mayoress-visit-homes-high-tech-solutions-people-learning-disabilities,,Royal Borough of Kensington and Chelsea,2026-06-07T11:02:53.912780
,,,Kensington and Chelsea,Look Ahead Care and Support,Amy Garvey House — specialist supported living service for Community Learning Disability team referrals (RBKC). Monitored by RBKC contract management team. (RBKC service directory),Supported living | Learning disabilities,,,Local,council-cabinet-doc,https://www.rbkc.gov.uk/kb5/rbkc/fis/service.page?id=uWCampyrh0I,,Royal Borough of Kensington and Chelsea,2026-06-07T11:02:53.912780
,,,Kensington and Chelsea,Turning Point,Supported accommodation provider (Mental Health) at RBKC. (RBKC service directory),Supported living | Mental health,,,Local,council-cabinet-doc,https://www.rbkc.gov.uk/turning-point,,Royal Borough of Kensington and Chelsea,2026-06-07T11:02:53.912780
,,,Kingston upon Thames,Abacus Care & Support,Re Opening of the Supported Living and Outreach Flexible Framework (Bidstats 813760523; Award · supplier @ None),Supported accommodation | Supported living,31 Dec 202,,Local,bidstats,https://bidstats.uk/notice/813760523,813760523,Royal Borough of Kingston Upon Thames,2026-06-07T10:37:35.741794
,,,Kingston upon Thames,Ability Housing,Re Opening of the Supported Living and Outreach Flexible Framework (Bidstats 813760523; Award · supplier @ None),Supported accommodation | Supported living,31 Dec 202,,Local,bidstats,https://bidstats.uk/notice/813760523,813760523,Royal Borough of Kingston Upon Thames,2026-06-07T10:37:35.741794
,,,Kingston upon Thames,Active Prospects,Re Opening of the Supported Living and Outreach Flexible Framework (Bidstats 813760523; Award · supplier @ None),Supported accommodation | Supported living,31 Dec 202,,Local,bidstats,https://bidstats.uk/notice/813760523,813760523,Royal Borough of Kingston Upon Thames,2026-06-07T10:37:35.741794
,,,Kingston upon Thames,Advance Home Care,Re Opening of the Supported Living and Outreach Flexible Framework (Bidstats 813760523; Award · supplier @ None),Supported accommodation | Supported living,31 Dec 202,,Local,bidstats,https://bidstats.uk/notice/813760523,813760523,Royal Borough of Kingston Upon Thames,2026-06-07T10:37:35.741794
,,,Kingston upon Thames,Alpenbest Care,Re Opening of the Supported Living and Outreach Flexible Framework (Bidstats 813760523; Award · supplier @ None),Supported accommodation | Supported living,31 Dec 202,,Local,bidstats,https://bidstats.uk/notice/813760523,813760523,Royal Borough of Kingston Upon Thames,2026-06-07T10:37:35.741794
,,,Kingston upon Thames,Alwdo Assist,Re Opening of the Supported Living and Outreach Flexible Framework (Bidstats 813760523; Award · supplier @ None),Supported accommodation | Supported living,31 Dec 202,,Local,bidstats,https://bidstats.uk/notice/813760523,813760523,Royal Borough of Kingston Upon Thames,2026-06-07T10:37:35.741794
,,,Kingston upon Thames,Avenues Group,Re Opening of the Supported Living and Outreach Flexible Framework (Bidstats 813760523; Award · supplier @ None),Supported accommodation | Supported living,31 Dec 202,,Local,bidstats,https://bidstats.uk/notice/813760523,813760523,Royal Borough of Kingston Upon Thames,2026-06-07T10:37:35.741794
,,,Kingston upon Thames,Balance Support Cio,Re Opening of the Supported Living and Outreach Flexible Framework (Bidstats 813760523; Award · supplier @ None),Supported accommodation | Supported living,31 Dec 202,,Local,bidstats,https://bidstats.uk/notice/813760523,813760523,Royal Borough of Kingston Upon Thames,2026-06-07T10:37:35.741794
,,,Kingston upon Thames,Cardea Healthcare,Re Opening of the Supported Living and Outreach Flexible Framework (Bidstats 813760523; Award · supplier @ None),Supported accommodation | Supported living,31 Dec 202,,Local,bidstats,https://bidstats.uk/notice/813760523,813760523,Royal Borough of Kingston Upon Thames,2026-06-07T10:37:35.741794
,,,Kingston upon Thames,Careplus Healthcare Service,Re Opening of the Supported Living and Outreach Flexible Framework (Bidstats 813760523; Award · supplier @ None),Supported accommodation | Supported living,31 Dec 202,,Local,bidstats,https://bidstats.uk/notice/813760523,813760523,Royal Borough of Kingston Upon Thames,2026-06-07T10:37:35.741794
,,,Kingston upon Thames,Caretech Community Services,Re Opening of the Supported Living and Outreach Flexible Framework (Bidstats 813760523; Award · supplier @ None),Supported accommodation | Supported living,31 Dec 202,,Local,bidstats,https://bidstats.uk/notice/813760523,813760523,Royal Borough of Kingston Upon Thames,2026-06-07T10:37:35.741794
,,,Kingston upon Thames,Chosen Care Group,Re Opening of the Supported Living and Outreach Flexible Framework (Bidstats 813760523; Award · supplier @ None),Supported accommodation | Supported living,31 Dec 202,,Local,bidstats,https://bidstats.uk/notice/813760523,813760523,Royal Borough of Kingston Upon Thames,2026-06-07T10:37:35.741794
,,,Kingston upon Thames,Comfort Care Services,Re Opening of the Supported Living and Outreach Flexible Framework (Bidstats 813760523; Award · supplier @ None),Supported accommodation | Supported living,31 Dec 202,,Local,bidstats,https://bidstats.uk/notice/813760523,813760523,Royal Borough of Kingston Upon Thames,2026-06-07T10:37:35.741794
,,,Kingston upon Thames,CTRC Services,Re Opening of the Supported Living and Outreach Flexible Framework (Bidstats 813760523; Award · supplier @ None),Supported accommodation | Supported living,31 Dec 202,,Local,bidstats,https://bidstats.uk/notice/813760523,813760523,Royal Borough of Kingston Upon Thames,2026-06-07T10:37:35.741794
,,,Kingston upon Thames,Daret Healthcare,Re Opening of the Supported Living and Outreach Flexible Framework (Bidstats 813760523; Award · supplier @ None),Supported accommodation | Supported living,31 Dec 202,,Local,bidstats,https://bidstats.uk/notice/813760523,813760523,Royal Borough of Kingston Upon Thames,2026-06-07T10:37:35.741794
,,,Kingston upon Thames,Delphinus Healthcare,Re Opening of the Supported Living and Outreach Flexible Framework (Bidstats 813760523; Award · supplier @ None),Supported accommodation | Supported living,31 Dec 202,,Local,bidstats,https://bidstats.uk/notice/813760523,813760523,Royal Borough of Kingston Upon Thames,2026-06-07T10:37:35.741794
,,,Kingston upon Thames,Elite Careplus,Re Opening of the Supported Living and Outreach Flexible Framework (Bidstats 813760523; Award · supplier @ None),Supported accommodation | Supported living,31 Dec 202,,Local,bidstats,https://bidstats.uk/notice/813760523,813760523,Royal Borough of Kingston Upon Thames,2026-06-07T10:37:35.741794
,,,Kingston upon Thames,Emezzions,Re Opening of the Supported Living and Outreach Flexible Framework (Bidstats 813760523; Award · supplier @ None),Supported accommodation | Supported living,31 Dec 202,,Local,bidstats,https://bidstats.uk/notice/813760523,813760523,Royal Borough of Kingston Upon Thames,2026-06-07T10:37:35.741794
,,,Kingston upon Thames,Enhanceable,Re Opening of the Supported Living and Outreach Flexible Framework (Bidstats 813760523; Award · supplier @ None),Supported accommodation | Supported living,31 Dec 202,,Local,bidstats,https://bidstats.uk/notice/813760523,813760523,Royal Borough of Kingston Upon Thames,2026-06-07T10:37:35.741794
,,,Kingston upon Thames,Enterprise Care Support,Re Opening of the Supported Living and Outreach Flexible Framework (Bidstats 813760523; Award · supplier @ None),Supported accommodation | Supported living,31 Dec 202,,Local,bidstats,https://bidstats.uk/notice/813760523,813760523,Royal Borough of Kingston Upon Thames,2026-06-07T10:37:35.741794
,,,Kingston upon Thames,Hestia Housing & Support,Re Opening of the Supported Living and Outreach Flexible Framework (Bidstats 813760523; Award · supplier @ None),Supported accommodation | Supported living,31 Dec 202,,Local,bidstats,https://bidstats.uk/notice/813760523,813760523,Royal Borough of Kingston Upon Thames,2026-06-07T10:37:35.741794
,,,Kingston upon Thames,Honey Crown Bee,Re Opening of the Supported Living and Outreach Flexible Framework (Bidstats 813760523; Award · supplier @ None),Supported accommodation | Supported living,31 Dec 202,,Local,bidstats,https://bidstats.uk/notice/813760523,813760523,Royal Borough of Kingston Upon Thames,2026-06-07T10:37:35.741794
,,,Kingston upon Thames,Kaleidoscope Project,Re Opening of the Supported Living and Outreach Flexible Framework (Bidstats 813760523; Award · supplier @ None),Supported accommodation | Supported living,31 Dec 202,,Local,bidstats,https://bidstats.uk/notice/813760523,813760523,Royal Borough of Kingston Upon Thames,2026-06-07T10:37:35.741794
,,,Kingston upon Thames,Lifeways Community Care,Re Opening of the Supported Living and Outreach Flexible Framework (Bidstats 813760523; Award · supplier @ None),Supported accommodation | Supported living,31 Dec 202,,Local,bidstats,https://bidstats.uk/notice/813760523,813760523,Royal Borough of Kingston Upon Thames,2026-06-07T10:37:35.741794
,,,Kingston upon Thames,Look Ahead Housing & Care,Re Opening of the Supported Living and Outreach Flexible Framework (Bidstats 813760523; Award · supplier @ None),Supported accommodation | Supported living,31 Dec 202,,Local,bidstats,https://bidstats.uk/notice/813760523,813760523,Royal Borough of Kingston Upon Thames,2026-06-07T10:37:35.741794
,,,Kingston upon Thames,Midco Care,Re Opening of the Supported Living and Outreach Flexible Framework (Bidstats 813760523; Award · supplier @ None),Supported accommodation | Supported living,31 Dec 202,,Local,bidstats,https://bidstats.uk/notice/813760523,813760523,Royal Borough of Kingston Upon Thames,2026-06-07T10:37:35.741794
,,,Kingston upon Thames,My Homecare Kingston,Re Opening of the Supported Living and Outreach Flexible Framework (Bidstats 813760523; Award · supplier @ None),Supported accommodation | Supported living,31 Dec 202,,Local,bidstats,https://bidstats.uk/notice/813760523,813760523,Royal Borough of Kingston Upon Thames,2026-06-07T10:37:35.741794
,,,Kingston upon Thames,New Directions Flexible Social Care Solutions,Re Opening of the Supported Living and Outreach Flexible Framework (Bidstats 813760523; Award · supplier @ None),Supported accommodation | Supported living,31 Dec 202,,Local,bidstats,https://bidstats.uk/notice/813760523,813760523,Royal Borough of Kingston Upon Thames,2026-06-07T10:37:35.741794
,,,Kingston upon Thames,Novo Healthcare,Re Opening of the Supported Living and Outreach Flexible Framework (Bidstats 813760523; Award · supplier @ None),Supported accommodation | Supported living,31 Dec 202,,Local,bidstats,https://bidstats.uk/notice/813760523,813760523,Royal Borough of Kingston Upon Thames,2026-06-07T10:37:35.741794
,,,Kingston upon Thames,Nwando Domiciliary Care,Re Opening of the Supported Living and Outreach Flexible Framework (Bidstats 813760523; Award · supplier @ None),Supported accommodation | Supported living,31 Dec 202,,Local,bidstats,https://bidstats.uk/notice/813760523,813760523,Royal Borough of Kingston Upon Thames,2026-06-07T10:37:35.741794
,,,Kingston upon Thames,Onecare,Re Opening of the Supported Living and Outreach Flexible Framework (Bidstats 813760523; Award · supplier @ None),Supported accommodation | Supported living,31 Dec 202,,Local,bidstats,https://bidstats.uk/notice/813760523,813760523,Royal Borough of Kingston Upon Thames,2026-06-07T10:37:35.741794
,,,Kingston upon Thames,Otcs Eminent Domiciliary Care Agency,Re Opening of the Supported Living and Outreach Flexible Framework (Bidstats 813760523; Award · supplier @ None),Supported accommodation | Supported living,31 Dec 202,,Local,bidstats,https://bidstats.uk/notice/813760523,813760523,Royal Borough of Kingston Upon Thames,2026-06-07T10:37:35.741794
,,,Kingston upon Thames,Pai Healthcare,Re Opening of the Supported Living and Outreach Flexible Framework (Bidstats 813760523; Award · supplier @ None),Supported accommodation | Supported living,31 Dec 202,,Local,bidstats,https://bidstats.uk/notice/813760523,813760523,Royal Borough of Kingston Upon Thames,2026-06-07T10:37:35.741794
,,,Kingston upon Thames,Priory Care Services,Re Opening of the Supported Living and Outreach Flexible Framework (Bidstats 813760523; Award · supplier @ None),Supported accommodation | Supported living,31 Dec 202,,Local,bidstats,https://bidstats.uk/notice/813760523,813760523,Royal Borough of Kingston Upon Thames,2026-06-07T10:37:35.741794
,,,Kingston upon Thames,Pristine Recruitment,Re Opening of the Supported Living and Outreach Flexible Framework (Bidstats 813760523; Award · supplier @ None),Supported accommodation | Supported living,31 Dec 202,,Local,bidstats,https://bidstats.uk/notice/813760523,813760523,Royal Borough of Kingston Upon Thames,2026-06-07T10:37:35.741794
,,,Kingston upon Thames,Rapha Healthcare,Re Opening of the Supported Living and Outreach Flexible Framework (Bidstats 813760523; Award · supplier @ None),Supported accommodation | Supported living,31 Dec 202,,Local,bidstats,https://bidstats.uk/notice/813760523,813760523,Royal Borough of Kingston Upon Thames,2026-06-07T10:37:35.741794
,,,Kingston upon Thames,Respect Care Services,Re Opening of the Supported Living and Outreach Flexible Framework (Bidstats 813760523; Award · supplier @ None),Supported accommodation | Supported living,31 Dec 202,,Local,bidstats,https://bidstats.uk/notice/813760523,813760523,Royal Borough of Kingston Upon Thames,2026-06-07T10:37:35.741794
,,,Kingston upon Thames,Royal Mencap Society,Re Opening of the Supported Living and Outreach Flexible Framework (Bidstats 813760523; Award · supplier @ None),Supported accommodation | Supported living,31 Dec 202,,Local,bidstats,https://bidstats.uk/notice/813760523,813760523,Royal Borough of Kingston Upon Thames,2026-06-07T10:37:35.741794
,,,Kingston upon Thames,Sans Soucie Home Care,Re Opening of the Supported Living and Outreach Flexible Framework (Bidstats 813760523; Award · supplier @ None),Supported accommodation | Supported living,31 Dec 202,,Local,bidstats,https://bidstats.uk/notice/813760523,813760523,Royal Borough of Kingston Upon Thames,2026-06-07T10:37:35.741794
,,,Kingston upon Thames,Southcroft Healthcare Lodge,Re Opening of the Supported Living and Outreach Flexible Framework (Bidstats 813760523; Award · supplier @ None),Supported accommodation | Supported living,31 Dec 202,,Local,bidstats,https://bidstats.uk/notice/813760523,813760523,Royal Borough of Kingston Upon Thames,2026-06-07T10:37:35.741794
,,,Kingston upon Thames,Sunset Rehabiltation Healthcare Centre,Re Opening of the Supported Living and Outreach Flexible Framework (Bidstats 813760523; Award · supplier @ None),Supported accommodation | Supported living,31 Dec 202,,Local,bidstats,https://bidstats.uk/notice/813760523,813760523,Royal Borough of Kingston Upon Thames,2026-06-07T10:37:35.741794
,,,Kingston upon Thames,Thanet Healthcare,Re Opening of the Supported Living and Outreach Flexible Framework (Bidstats 813760523; Award · supplier @ None),Supported accommodation | Supported living,31 Dec 202,,Local,bidstats,https://bidstats.uk/notice/813760523,813760523,Royal Borough of Kingston Upon Thames,2026-06-07T10:37:35.741794
,,,Kingston upon Thames,TLC Care Homes,Re Opening of the Supported Living and Outreach Flexible Framework (Bidstats 813760523; Award · supplier @ None),Supported accommodation | Supported living,31 Dec 202,,Local,bidstats,https://bidstats.uk/notice/813760523,813760523,Royal Borough of Kingston Upon Thames,2026-06-07T10:37:35.741794
,,,Kingston upon Thames,Verity Group,Re Opening of the Supported Living and Outreach Flexible Framework (Bidstats 813760523; Award · supplier @ None),Supported accommodation | Supported living,31 Dec 202,,Local,bidstats,https://bidstats.uk/notice/813760523,813760523,Royal Borough of Kingston Upon Thames,2026-06-07T10:37:35.741794
,,,Kingston upon Thames,Voyage,Re Opening of the Supported Living and Outreach Flexible Framework (Bidstats 813760523; Award · supplier @ None),Supported accommodation | Supported living,31 Dec 202,,Local,bidstats,https://bidstats.uk/notice/813760523,813760523,Royal Borough of Kingston Upon Thames,2026-06-07T10:37:35.741794
,,,Kingston upon Thames,Wandle Healthcare Services,Re Opening of the Supported Living and Outreach Flexible Framework (Bidstats 813760523; Award · supplier @ None),Supported accommodation | Supported living,31 Dec 202,,Local,bidstats,https://bidstats.uk/notice/813760523,813760523,Royal Borough of Kingston Upon Thames,2026-06-07T10:37:35.741794
,,,Kingston upon Thames,Younique Care,Re Opening of the Supported Living and Outreach Flexible Framework (Bidstats 813760523; Award · supplier @ None),Supported accommodation | Supported living,31 Dec 202,,Local,bidstats,https://bidstats.uk/notice/813760523,813760523,Royal Borough of Kingston Upon Thames,2026-06-07T10:37:35.741794
,,,Lambeth,Woodstar Capital,Streatham homeless housing deal — 10-year leasing deal for 30 studio units for homeless residents. Cabinet Member Delegated Decision Report approved Nov 2025. Private landlord providing supported accommodation for vulnerable Lambeth residents.,Temporary accommodation | Emergency accommodation | Homelessness,01/11/2025,"£5,800,000",Local,council-cabinet-doc,https://moderngov.lambeth.gov.uk/ieDecisionDetails.aspx?AIId=23045,,London Borough of Lambeth,2026-06-07T11:01:49.244102
,,,Lewisham,Access for Living,Learning Disability 2019 (Bidstats 709427286; Award · supplier @ London),Supported accommodation | Supported living,22 Aug 201,14M,Local,bidstats,https://bidstats.uk/notice/709427286,709427286,London Borough of Lewisham,2026-06-07T10:06:46.084863
,,,Lewisham,Aurora Options,Learning Disability 2019 (Bidstats 709427286; Award · supplier @ London),Supported accommodation | Supported living,22 Aug 201,14M,Local,bidstats,https://bidstats.uk/notice/709427286,709427286,London Borough of Lewisham,2026-06-07T10:06:46.084863
,,,Lewisham,Brandon Trust,Learning Disability 2019 (Bidstats 709427286; Award · supplier @ Bristol),Supported accommodation | Supported living,22 Aug 201,14M,Local,bidstats,https://bidstats.uk/notice/709427286,709427286,London Borough of Lewisham,2026-06-07T10:06:46.084863
,,,Lewisham,Camden Society London Thera Trust,Learning Disability 2019 (Bidstats 709427286; Award · supplier @ London),Supported accommodation | Supported living,22 Aug 201,14M,Local,bidstats,https://bidstats.uk/notice/709427286,709427286,London Borough of Lewisham,2026-06-07T10:06:46.084863
,,,Lewisham,Carby Community Care,Learning Disability 2019 (Bidstats 709427286; Award · supplier @ London),Supported accommodation | Supported living,22 Aug 201,14M,Local,bidstats,https://bidstats.uk/notice/709427286,709427286,London Borough of Lewisham,2026-06-07T10:06:46.084863
,,,Lewisham,Caretech Community Services,Learning Disability 2019 (Bidstats 709427286; Award · supplier @ Potters Bar),Supported accommodation | Supported living,22 Aug 201,14M,Local,bidstats,https://bidstats.uk/notice/709427286,709427286,London Borough of Lewisham,2026-06-07T10:06:46.084863
,,,Lewisham,Chinite Resourcing,Learning Disability 2019 (Bidstats 709427286; Award · supplier @ London),Supported accommodation | Supported living,22 Aug 201,14M,Local,bidstats,https://bidstats.uk/notice/709427286,709427286,London Borough of Lewisham,2026-06-07T10:06:46.084863
,,,Lewisham,Choice Support,Learning Disability 2019 (Bidstats 709427286; Award · supplier @ Maidstone),Supported accommodation | Supported living,22 Aug 201,14M,Local,bidstats,https://bidstats.uk/notice/709427286,709427286,London Borough of Lewisham,2026-06-07T10:06:46.084863
,,,Lewisham,Community Integrated Care,Learning Disability 2019 (Bidstats 709427286; Award · supplier @ Widnes),Supported accommodation | Supported living,22 Aug 201,14M,Local,bidstats,https://bidstats.uk/notice/709427286,709427286,London Borough of Lewisham,2026-06-07T10:06:46.084863
,,,Lewisham,Creative Support,Learning Disability 2019 (Bidstats 709427286; Award · supplier @ Stockport),Supported accommodation | Supported living,22 Aug 201,14M,Local,bidstats,https://bidstats.uk/notice/709427286,709427286,London Borough of Lewisham,2026-06-07T10:06:46.084863
,,,Lewisham,Eleanor Nursing & Social Care,Learning Disability 2019 (Bidstats 709427286; Award · supplier @ Lewisham),Supported accommodation | Supported living,22 Aug 201,14M,Local,bidstats,https://bidstats.uk/notice/709427286,709427286,London Borough of Lewisham,2026-06-07T10:06:46.084863
,,,Lewisham,Heritage Care,Learning Disability 2019 (Bidstats 709427286; Award · supplier @ Loughton),Supported accommodation | Supported living,22 Aug 201,14M,Local,bidstats,https://bidstats.uk/notice/709427286,709427286,London Borough of Lewisham,2026-06-07T10:06:46.084863
,,,Lewisham,Impeccable Healthcare Services,Learning Disability 2019 (Bidstats 709427286; Award · supplier @ Orpington),Supported accommodation | Supported living,22 Aug 201,14M,Local,bidstats,https://bidstats.uk/notice/709427286,709427286,London Borough of Lewisham,2026-06-07T10:06:46.084863
,,,Lewisham,Jordan Xavier,Learning Disability 2019 (Bidstats 709427286; Award · supplier @ Stanmore),Supported accommodation | Supported living,22 Aug 201,14M,Local,bidstats,https://bidstats.uk/notice/709427286,709427286,London Borough of Lewisham,2026-06-07T10:06:46.084863
,,,Lewisham,Keyring Living Support Networks,Learning Disability 2019 (Bidstats 709427286; Award · supplier @ London),Supported accommodation | Supported living,22 Aug 201,14M,Local,bidstats,https://bidstats.uk/notice/709427286,709427286,London Borough of Lewisham,2026-06-07T10:06:46.084863
,,,Lewisham,"Lewisham Learning Disabilities Framework (open, suppliers TBD)","Lewisham LD Framework for Supported Living Services — open framework establishing party only, 8 years (Apr 2026-Mar 2034). Total est value £112M. Mini-competitions select suppliers. Find-a-Tender 2025/S 000-058946 / OCID ocds-h6vhtk-05a046",Supported living | Learning disabilities,23/09/2025,"£112,000,000",Local,find-a-tender,https://www.find-tender.service.gov.uk/Notice/058946-2025,,London Borough of Lewisham,2026-06-07T07:18:04.502616
,,,Lewisham,Lewisham Nexus Service,Learning Disability 2019 (Bidstats 709427286; Award · supplier @ Catford),Supported accommodation | Supported living,22 Aug 201,14M,Local,bidstats,https://bidstats.uk/notice/709427286,709427286,London Borough of Lewisham,2026-06-07T10:06:46.084863
,,,Lewisham,Lifeways Community Care,Learning Disability 2019 (Bidstats 709427286; Award · supplier @ London),Supported accommodation | Supported living,22 Aug 201,14M,Local,bidstats,https://bidstats.uk/notice/709427286,709427286,London Borough of Lewisham,2026-06-07T10:06:46.084863
,,,Lewisham,Living Spring Solutions Care & Training,Learning Disability 2019 (Bidstats 709427286; Award · supplier @ London),Supported accommodation | Supported living,22 Aug 201,14M,Local,bidstats,https://bidstats.uk/notice/709427286,709427286,London Borough of Lewisham,2026-06-07T10:06:46.084863
,,,Lewisham,Look Ahead Care & Support,Learning Disability 2019 (Bidstats 709427286; Award · supplier @ London),Supported accommodation | Supported living,22 Aug 201,14M,Local,bidstats,https://bidstats.uk/notice/709427286,709427286,London Borough of Lewisham,2026-06-07T10:06:46.084863
,,,Lewisham,Nelbro Group,Learning Disability 2019 (Bidstats 709427286; Award · supplier @ Carshalton),Supported accommodation | Supported living,22 Aug 201,14M,Local,bidstats,https://bidstats.uk/notice/709427286,709427286,London Borough of Lewisham,2026-06-07T10:06:46.084863
,,,Lewisham,Outlook Care,Learning Disability 2019 (Bidstats 709427286; Award · supplier @ Billericay),Supported accommodation | Supported living,22 Aug 201,14M,Local,bidstats,https://bidstats.uk/notice/709427286,709427286,London Borough of Lewisham,2026-06-07T10:06:46.084863
,,,Lewisham,Profad Care Agency,Learning Disability 2019 (Bidstats 709427286; Award · supplier @ London),Supported accommodation | Supported living,22 Aug 201,14M,Local,bidstats,https://bidstats.uk/notice/709427286,709427286,London Borough of Lewisham,2026-06-07T10:06:46.084863
,,,Lewisham,Providence Linc United Services,Learning Disability 2019 (Bidstats 709427286; Award · supplier @ Lewisham),Supported accommodation | Supported living,22 Aug 201,14M,Local,bidstats,https://bidstats.uk/notice/709427286,709427286,London Borough of Lewisham,2026-06-07T10:06:46.084863
,,,Lewisham,Royal Mencap Society,Learning Disability 2019 (Bidstats 709427286; Award · supplier @ London),Supported accommodation | Supported living,22 Aug 201,14M,Local,bidstats,https://bidstats.uk/notice/709427286,709427286,London Borough of Lewisham,2026-06-07T10:06:46.084863
,,,Lewisham,Sense,Learning Disability 2019 (Bidstats 709427286; Award · supplier @ London),Supported accommodation | Supported living,22 Aug 201,14M,Local,bidstats,https://bidstats.uk/notice/709427286,709427286,London Borough of Lewisham,2026-06-07T10:06:46.084863
,,,Lewisham,Soithside Partnership Certitude,Learning Disability 2019 (Bidstats 709427286; Award · supplier @ London),Supported accommodation | Supported living,22 Aug 201,14M,Local,bidstats,https://bidstats.uk/notice/709427286,709427286,London Borough of Lewisham,2026-06-07T10:06:46.084863
,,,Lewisham,Southside Partnership Certitude,Learning Disability 2019 (Bidstats 709427286; Award · supplier @ London),Supported accommodation | Supported living,22 Aug 201,14M,Local,bidstats,https://bidstats.uk/notice/709427286,709427286,London Borough of Lewisham,2026-06-07T10:06:46.084863
,,,Lewisham,Three CS Support,Learning Disability 2019 (Bidstats 709427286; Award · supplier @ London),Supported accommodation | Supported living,22 Aug 201,14M,Local,bidstats,https://bidstats.uk/notice/709427286,709427286,London Borough of Lewisham,2026-06-07T10:06:46.084863
,,,Lewisham,Voyage Care,Learning Disability 2019 (Bidstats 709427286; Award · supplier @ Lichfield),Supported accommodation | Supported living,22 Aug 201,14M,Local,bidstats,https://bidstats.uk/notice/709427286,709427286,London Borough of Lewisham,2026-06-07T10:06:46.084863
,,,Merton,Anytime Homes,Supported Accommodation Pseudo-Dynamic Purchasing System (Bidstats 820838832; Award · supplier @ Romford),Supported accommodation | Supported living,17 Apr 202,17M,Local,bidstats,https://bidstats.uk/notice/820838832,820838832,Merton,2026-06-07T10:32:34.280118
,,,Merton,Cambridge Care,Supported Accommodation Pseudo-Dynamic Purchasing System (Bidstats 820838832; Award · supplier @ Newmarket),Supported accommodation | Supported living,17 Apr 202,17M,Local,bidstats,https://bidstats.uk/notice/820838832,820838832,Merton,2026-06-07T10:32:34.280118
,,,Merton,Cambridge Housing Society,Supported Accommodation Pseudo-Dynamic Purchasing System (Bidstats 820838832; Award · supplier @ Histon),Supported accommodation | Supported living,17 Apr 202,17M,Local,bidstats,https://bidstats.uk/notice/820838832,820838832,Merton,2026-06-07T10:32:34.280118
,,,Merton,Eleanor Nursing & Social Care,Extra Care and Housing Related Support Service (Bidstats 820838636; Award; supplier @ None),Supported accommodation | Supported living,17 Apr 202,5M,Local,bidstats,https://bidstats.uk/notice/820838636,820838636,London Borough of Merton,2026-06-07T08:46:48.540495
,,,Merton,Eleanor Nursing & Social Care,Extra Care and Housing Related Support Service (Bidstats 820445653; Award · supplier @ Kent),Supported accommodation | Supported living,11 Apr 202,5M,Local,bidstats,https://bidstats.uk/notice/820445653,820445653,London Borough of Merton,2026-06-07T10:06:46.084863
,,,Merton,Firbanks Supported Living,Supported Accommodation Pseudo-Dynamic Purchasing System (Bidstats 820838832; Award · supplier @ Northampton),Supported accommodation | Supported living,17 Apr 202,17M,Local,bidstats,https://bidstats.uk/notice/820838832,820838832,Merton,2026-06-07T10:32:34.280118
,,,Merton,Grove Social Care,Supported Accommodation Pseudo-Dynamic Purchasing System (Bidstats 820838832; Award · supplier @ Peterborough),Supported accommodation | Supported living,17 Apr 202,17M,Local,bidstats,https://bidstats.uk/notice/820838832,820838832,Merton,2026-06-07T10:32:34.280118
,,,Merton,Kempshire,Supported Accommodation Pseudo-Dynamic Purchasing System (Bidstats 820838832; Award · supplier @ Brampton),Supported accommodation | Supported living,17 Apr 202,17M,Local,bidstats,https://bidstats.uk/notice/820838832,820838832,Merton,2026-06-07T10:32:34.280118
,,,Merton,PCH Integration Services,Supported Accommodation Pseudo-Dynamic Purchasing System (Bidstats 820838832; Award · supplier @ Peterborough),Supported accommodation | Supported living,17 Apr 202,17M,Local,bidstats,https://bidstats.uk/notice/820838832,820838832,Merton,2026-06-07T10:32:34.280118
,,,Merton,Semi Independent House,Supported Accommodation Pseudo-Dynamic Purchasing System (Bidstats 820838832; Award · supplier @ Peterborough),Supported accommodation | Supported living,17 Apr 202,17M,Local,bidstats,https://bidstats.uk/notice/820838832,820838832,Merton,2026-06-07T10:32:34.280118
,,,Merton,Sixteen Plus,Supported Accommodation Pseudo-Dynamic Purchasing System (Bidstats 820838832; Award · supplier @ Canterbury),Supported accommodation | Supported living,17 Apr 202,17M,Local,bidstats,https://bidstats.uk/notice/820838832,820838832,Merton,2026-06-07T10:32:34.280118
,,,Merton,Transition Care Peterborough,Supported Accommodation Pseudo-Dynamic Purchasing System (Bidstats 820838832; Award · supplier @ Market Deeping),Supported accommodation | Supported living,17 Apr 202,17M,Local,bidstats,https://bidstats.uk/notice/820838832,820838832,Merton,2026-06-07T10:32:34.280118
,,,Merton,We Care Nursing Services,Supported Accommodation Pseudo-Dynamic Purchasing System (Bidstats 820838832; Award · supplier @ Corby),Supported accommodation | Supported living,17 Apr 202,17M,Local,bidstats,https://bidstats.uk/notice/820838832,820838832,Merton,2026-06-07T10:32:34.280118
,,,Merton,YMCA Trinity Group,Supported Accommodation Pseudo-Dynamic Purchasing System (Bidstats 820838832; Award · supplier @ Cambridge),Supported accommodation | Supported living,17 Apr 202,17M,Local,bidstats,https://bidstats.uk/notice/820838832,820838832,Merton,2026-06-07T10:32:34.280118
,,,Merton,Your Absolute Care,Supported Accommodation Pseudo-Dynamic Purchasing System (Bidstats 820838832; Award · supplier @ Peterborough),Supported accommodation | Supported living,17 Apr 202,17M,Local,bidstats,https://bidstats.uk/notice/820838832,820838832,Merton,2026-06-07T10:32:34.280118
?,FRAMEWORK — supplier name = buyer; suppliers TBD via mini-comp,,Newham,London Borough of Newham PDPS (multiple suppliers — names confidential),"PDPS for children's externally commissioned care, accommodation and support services — Lot 1: Provision of Semi-Independent Living Services for looked after children and care leavers. £182.79M total over 4yr + 4yr extension (25 June 2021 - 24 June 2025 + extension). Specific suppliers via mini-competitions.",Supported accommodation | Semi-independent | Care leavers | Looked after children,25/06/2021,"£182,790,000",Local,council-cabinet-doc,https://bidstats.uk/tenders/2021/W27/754188609,,London Borough of Newham,2026-06-07T11:02:53.912780
?,FRAMEWORK — supplier name = buyer; suppliers TBD via mini-comp,,Redbridge,London Borough of Redbridge Supported Living (housing associations & voluntary orgs),"Supported living operated by mix of housing associations, voluntary organisations, and the council. New commissioning model 1 May 2025 - 30 April 2029.",Supported living | Learning disabilities | Mental health | Autism,01/05/2025,,Local,council-cabinet-doc,https://bidstats.uk/tenders/2024/W40/831979788,,London Borough of Redbridge,2026-06-07T11:05:26.596027
,,,Richmond upon Thames,Certitude,Supported Living Placement provider — one of 5 council-confirmed supported living/residential care providers for Richmond. Contracts reviewed at end of 2023. (richmond.gov.uk supported_living_specification),Supported living | Adults,,,Local,council-cabinet-doc,https://www.richmond.gov.uk/media/16395/rbc_supported_living_specification.pdf,,London Borough of Richmond upon Thames,2026-06-07T11:01:49.244102
,,,Richmond upon Thames,Lifeways,Supported Living Placement provider — one of 5 council-confirmed supported living/residential care providers for Richmond.,Supported living | Learning disabilities | Adults,,,Local,council-cabinet-doc,https://www.richmond.gov.uk/media/16395/rbc_supported_living_specification.pdf,,London Borough of Richmond upon Thames,2026-06-07T11:01:49.244102
,,,Richmond upon Thames,Metropolitan Thames Valley Housing,Supported Living Placement provider — one of 5 council-confirmed providers for Richmond.,Supported living | Adults | Housing association,,,Local,council-cabinet-doc,https://www.richmond.gov.uk/media/16395/rbc_supported_living_specification.pdf,,London Borough of Richmond upon Thames,2026-06-07T11:01:49.244102
,,,Richmond upon Thames,United Response,Supported Living Placement provider — one of 5 council-confirmed providers for Richmond.,Supported living | Learning disabilities,,,Local,council-cabinet-doc,https://www.richmond.gov.uk/media/16395/rbc_supported_living_specification.pdf,,London Borough of Richmond upon Thames,2026-06-07T11:01:49.244102
,,,Richmond upon Thames,Walsingham,Supported Living Placement provider — one of 5 council-confirmed providers for Richmond.,Supported living | Learning disabilities,,,Local,council-cabinet-doc,https://www.richmond.gov.uk/media/16395/rbc_supported_living_specification.pdf,,London Borough of Richmond upon Thames,2026-06-07T11:01:49.244102
,,,Southwark,Southside Partnership,Mental Health Supported Accommodation Services in Southwark– Multi Lot (Bidstats 823066774; Award),Supported accommodation | Supported living,21 May 202,10M,Local,bidstats,https://bidstats.uk/notice/823066774,823066774,Southwark,2026-06-07T08:45:07.529664
,,,Southwark,Turning Point Services,Mental Health Supported Accommodation Services in Southwark– Multi Lot (Bidstats 823066774; Award),Supported accommodation | Supported living,21 May 202,10M,Local,bidstats,https://bidstats.uk/notice/823066774,823066774,Southwark,2026-06-07T08:45:07.529664
,,,Sutton,Barnardos,Housing Support for Care Leavers and Children in Care Aged 16-24 - London Borough of Sutton… (Bidstats 789774357; Award; supplier @ Ilford),Supported accommodation | Supported living,30 Dec 202,,Local,bidstats,https://bidstats.uk/notice/789774357,789774357,London Borough of Sutton,2026-06-07T08:46:48.540495
,,,Sutton,Depaul,Housing Support for Care Leavers and Children in Care Aged 16-24 - London Borough of Sutton… (Bidstats 789774357; Award; supplier @ London),Supported accommodation | Supported living,30 Dec 202,,Local,bidstats,https://bidstats.uk/notice/789774357,789774357,London Borough of Sutton,2026-06-07T08:46:48.540495
,,,Tower Hamlets,Abiding,Semi-Independent Living Framework (Bidstats 709886180; Award · supplier @ None),Supported accommodation | Supported living,29 Aug 201,9M,Local,bidstats,https://bidstats.uk/notice/709886180,709886180,Tower Hamlets,2026-06-07T10:32:34.280118
,,,Tower Hamlets,Atlantic Lodge,Semi-Independent Living Framework (Bidstats 709886180; Award · supplier @ None),Supported accommodation | Supported living,29 Aug 201,9M,Local,bidstats,https://bidstats.uk/notice/709886180,709886180,Tower Hamlets,2026-06-07T10:32:34.280118
,,,Tower Hamlets,Caysh,Semi-Independent Living Framework (Bidstats 709886180; Award · supplier @ None),Supported accommodation | Supported living,29 Aug 201,9M,Local,bidstats,https://bidstats.uk/notice/709886180,709886180,Tower Hamlets,2026-06-07T10:32:34.280118
,,,Tower Hamlets,Elliot Leigh,Semi-Independent Living Framework (Bidstats 709886180; Award · supplier @ None),Supported accommodation | Supported living,29 Aug 201,9M,Local,bidstats,https://bidstats.uk/notice/709886180,709886180,Tower Hamlets,2026-06-07T10:32:34.280118
,,,Tower Hamlets,Heartwood Care,Semi-Independent Living Framework (Bidstats 709886180; Award · supplier @ None),Supported accommodation | Supported living,29 Aug 201,9M,Local,bidstats,https://bidstats.uk/notice/709886180,709886180,Tower Hamlets,2026-06-07T10:32:34.280118
,,,Tower Hamlets,Jem Support Service,Semi-Independent Living Framework (Bidstats 709886180; Award · supplier @ None),Supported accommodation | Supported living,29 Aug 201,9M,Local,bidstats,https://bidstats.uk/notice/709886180,709886180,Tower Hamlets,2026-06-07T10:32:34.280118
,,,Tower Hamlets,Jordan Xavier,Semi-Independent Living Framework (Bidstats 709886180; Award · supplier @ None),Supported accommodation | Supported living,29 Aug 201,9M,Local,bidstats,https://bidstats.uk/notice/709886180,709886180,Tower Hamlets,2026-06-07T10:32:34.280118
,,,Tower Hamlets,Look Ahead Care and Support,"HAC6054 East London Apartments — supported housing contract awarded to Look Ahead, £622K (Find-a-Tender Aug 2025)",Supported accommodation | Supported living,13/08/2025,"£622,000",Local,bidstats,https://bidstats.uk/tenders/2025/W33/852492665,,London Borough of Tower Hamlets,2026-06-07T07:18:04.502616
,,,Tower Hamlets,Look Ahead Housing & Care,Semi-Independent Living Framework (Bidstats 709886180; Award · supplier @ None),Supported accommodation | Supported living,29 Aug 201,9M,Local,bidstats,https://bidstats.uk/notice/709886180,709886180,Tower Hamlets,2026-06-07T10:32:34.280118
,,,Tower Hamlets,Outsets Care Services,Semi-Independent Living Framework (Bidstats 709886180; Award · supplier @ None),Supported accommodation | Supported living,29 Aug 201,9M,Local,bidstats,https://bidstats.uk/notice/709886180,709886180,Tower Hamlets,2026-06-07T10:32:34.280118
,,,Tower Hamlets,Pangea Support Services,Semi-Independent Living Framework (Bidstats 709886180; Award · supplier @ None),Supported accommodation | Supported living,29 Aug 201,9M,Local,bidstats,https://bidstats.uk/notice/709886180,709886180,Tower Hamlets,2026-06-07T10:32:34.280118
,,,Tower Hamlets,Peabody Trust,Semi-Independent Living Framework (Bidstats 709886180; Award · supplier @ None),Supported accommodation | Supported living,29 Aug 201,9M,Local,bidstats,https://bidstats.uk/notice/709886180,709886180,Tower Hamlets,2026-06-07T10:32:34.280118
,,,Tower Hamlets,Silver Birch Care,Semi-Independent Living Framework (Bidstats 709886180; Award · supplier @ None),Supported accommodation | Supported living,29 Aug 201,9M,Local,bidstats,https://bidstats.uk/notice/709886180,709886180,Tower Hamlets,2026-06-07T10:32:34.280118
,,,Tower Hamlets,Single Homeless Project,Semi-Independent Living Framework (Bidstats 709886180; Award · supplier @ None),Supported accommodation | Supported living,29 Aug 201,9M,Local,bidstats,https://bidstats.uk/notice/709886180,709886180,Tower Hamlets,2026-06-07T10:32:34.280118
,,,Tower Hamlets,Step Ahead Services,Semi-Independent Living Framework (Bidstats 709886180; Award · supplier @ None),Supported accommodation | Supported living,29 Aug 201,9M,Local,bidstats,https://bidstats.uk/notice/709886180,709886180,Tower Hamlets,2026-06-07T10:32:34.280118
,,,Tower Hamlets,Step4Ward Services,Semi-Independent Living Framework (Bidstats 709886180; Award · supplier @ None),Supported accommodation | Supported living,29 Aug 201,9M,Local,bidstats,https://bidstats.uk/notice/709886180,709886180,Tower Hamlets,2026-06-07T10:32:34.280118
,,,Tower Hamlets,THW Way Care Services,Semi-Independent Living Framework (Bidstats 709886180; Award · supplier @ None),Supported accommodation | Supported living,29 Aug 201,9M,Local,bidstats,https://bidstats.uk/notice/709886180,709886180,Tower Hamlets,2026-06-07T10:32:34.280118
,,,Tower Hamlets,Young Futures,Semi-Independent Living Framework (Bidstats 709886180; Award · supplier @ None),Supported accommodation | Supported living,29 Aug 201,9M,Local,bidstats,https://bidstats.uk/notice/709886180,709886180,Tower Hamlets,2026-06-07T10:32:34.280118
?,FRAMEWORK — supplier name = buyer; suppliers TBD via mini-comp,,Waltham Forest,London Borough of Waltham Forest 16+ Semi-Independent Framework (suppliers via mini-competition),16+ Semi-Independent Accommodation and Support Services Framework for Looked After Children and Care Experienced Young Adults. 16M / 4yr (1 June 2022 - 31 May 2024) + 24mo extension to 31 May 2026.,Supported accommodation | Care leavers | Looked after children,01/06/2022,"£16,000,000",Local,council-cabinet-doc,https://bidstats.uk/tenders/2022/W28/778567851,,London Borough of Waltham Forest,2026-06-07T11:05:26.596027
,,,Wandsworth,Homes for Wandsworth,"Springfield supported living homes — partnership with London Square at the former Springfield University Hospital site, 253-home scheme including supported living homes for vulnerable adults.",Supported living | Adults,,,Local,council-cabinet-doc,https://www.wandsworth.gov.uk/news/news-march-2026/wandsworth-council-and-london-square-agree-second-affordable-homes-partnership/,,London Borough of Wandsworth,2026-06-07T11:01:49.244102
,,,Westminster,A2Care,WCC Supported Accommodation Framework for Young People Aged 16 and Above (Bidstats 853737750; Award · supplier @ Mobbs Miller House),Supported accommodation | Supported living,01 Sep 202,,Local,bidstats,https://bidstats.uk/notice/853737750,853737750,Westminster,2026-06-07T10:06:46.084863
,,,Westminster,Angel Housing,WCC Supported Accommodation Framework for Young People Aged 16 and Above (Bidstats 853737750; Award · supplier @ Birmingham),Supported accommodation | Supported living,01 Sep 202,,Local,bidstats,https://bidstats.uk/notice/853737750,853737750,Westminster,2026-06-07T10:06:46.084863
,,,Westminster,Assured Living Care Services,WCC Supported Accommodation Framework for Young People Aged 16 and Above (Bidstats 853737750; Award · supplier @ Coventry),Supported accommodation | Supported living,01 Sep 202,,Local,bidstats,https://bidstats.uk/notice/853737750,853737750,Westminster,2026-06-07T10:06:46.084863
,,,Westminster,Beckford Homes,WCC Supported Accommodation Framework for Young People Aged 16 and Above (Bidstats 853737750; Award · supplier @ Suffolk),Supported accommodation | Supported living,01 Sep 202,,Local,bidstats,https://bidstats.uk/notice/853737750,853737750,Westminster,2026-06-07T10:06:46.084863
,,,Westminster,Better Oasis,WCC Supported Accommodation Framework for Young People Aged 16 and Above (Bidstats 853737750; Award · supplier @ Norwich),Supported accommodation | Supported living,01 Sep 202,,Local,bidstats,https://bidstats.uk/notice/853737750,853737750,Westminster,2026-06-07T10:06:46.084863
,,,Westminster,Bluoak Housing & Healthcare Consultancy,WCC Supported Accommodation Framework for Young People Aged 16 and Above (Bidstats 853737750; Award · supplier @ Southampton),Supported accommodation | Supported living,01 Sep 202,,Local,bidstats,https://bidstats.uk/notice/853737750,853737750,Westminster,2026-06-07T10:06:46.084863
,,,Westminster,Bright Living Homes,WCC Supported Accommodation Framework for Young People Aged 16 and Above (Bidstats 853737750; Award · supplier @ Walsall),Supported accommodation | Supported living,01 Sep 202,,Local,bidstats,https://bidstats.uk/notice/853737750,853737750,Westminster,2026-06-07T10:06:46.084863
,,,Westminster,Brightsky Youth Services,WCC Supported Accommodation Framework for Young People Aged 16 and Above (Bidstats 853737750; Award · supplier @ Birmingham),Supported accommodation | Supported living,01 Sep 202,,Local,bidstats,https://bidstats.uk/notice/853737750,853737750,Westminster,2026-06-07T10:06:46.084863
,,,Westminster,Carebridge Healthcare,WCC Supported Accommodation Framework for Young People Aged 16 and Above (Bidstats 853737750; Award · supplier @ Warwick),Supported accommodation | Supported living,01 Sep 202,,Local,bidstats,https://bidstats.uk/notice/853737750,853737750,Westminster,2026-06-07T10:06:46.084863
,,,Westminster,Cheercare Supported Services,WCC Supported Accommodation Framework for Young People Aged 16 and Above (Bidstats 853737750; Award · supplier @ Manchester),Supported accommodation | Supported living,01 Sep 202,,Local,bidstats,https://bidstats.uk/notice/853737750,853737750,Westminster,2026-06-07T10:06:46.084863
,,,Westminster,Coventry Refugee & Migrant Centre,WCC Supported Accommodation Framework for Young People Aged 16 and Above (Bidstats 853737750; Award · supplier @ Coventry),Supported accommodation | Supported living,01 Sep 202,,Local,bidstats,https://bidstats.uk/notice/853737750,853737750,Westminster,2026-06-07T10:06:46.084863
,,,Westminster,Elysian Field,WCC Supported Accommodation Framework for Young People Aged 16 and Above (Bidstats 853737750; Award · supplier @ Rainham),Supported accommodation | Supported living,01 Sep 202,,Local,bidstats,https://bidstats.uk/notice/853737750,853737750,Westminster,2026-06-07T10:06:46.084863
,,,Westminster,Genesis Living,WCC Supported Accommodation Framework for Young People Aged 16 and Above (Bidstats 853737750; Award · supplier @ Leamington Spa),Supported accommodation | Supported living,01 Sep 202,,Local,bidstats,https://bidstats.uk/notice/853737750,853737750,Westminster,2026-06-07T10:06:46.084863
,,,Westminster,Grove Social Care,WCC Supported Accommodation Framework for Young People Aged 16 and Above (Bidstats 853737750; Award · supplier @ Peterborough),Supported accommodation | Supported living,01 Sep 202,,Local,bidstats,https://bidstats.uk/notice/853737750,853737750,Westminster,2026-06-07T10:06:46.084863
,,,Westminster,Inicio Group,WCC Supported Accommodation Framework for Young People Aged 16 and Above (Bidstats 853737750; Award · supplier @ Warrington),Supported accommodation | Supported living,01 Sep 202,,Local,bidstats,https://bidstats.uk/notice/853737750,853737750,Westminster,2026-06-07T10:06:46.084863
,,,Westminster,Jordan Xavier,WCC Supported Accommodation Framework for Young People Aged 16 and Above (Bidstats 853737750; Award · supplier @ Stanmore),Supported accommodation | Supported living,01 Sep 202,,Local,bidstats,https://bidstats.uk/notice/853737750,853737750,Westminster,2026-06-07T10:06:46.084863
,,,Westminster,Key Transitions,WCC Supported Accommodation Framework for Young People Aged 16 and Above (Bidstats 853737750; Award · supplier @ Leicester),Supported accommodation | Supported living,01 Sep 202,,Local,bidstats,https://bidstats.uk/notice/853737750,853737750,Westminster,2026-06-07T10:06:46.084863
,,,Westminster,Living Waters Services,WCC Supported Accommodation Framework for Young People Aged 16 and Above (Bidstats 853737750; Award · supplier @ Coventry),Supported accommodation | Supported living,01 Sep 202,,Local,bidstats,https://bidstats.uk/notice/853737750,853737750,Westminster,2026-06-07T10:06:46.084863
,,,Westminster,MMR Homecare,WCC Supported Accommodation Framework for Young People Aged 16 and Above (Bidstats 853737750; Award · supplier @ London),Supported accommodation | Supported living,01 Sep 202,,Local,bidstats,https://bidstats.uk/notice/853737750,853737750,Westminster,2026-06-07T10:06:46.084863
,,,Westminster,North Worcestershire Basement Project,Housing Related Support - Outreach (Bidstats 812122431; Award · supplier @ Bromsgrove),Supported accommodation | Supported living,06 Dec 202,500K,Local,bidstats,https://bidstats.uk/notice/812122431,812122431,Westminster,2026-06-07T10:36:21.502670
,,,Westminster,Path4You,WCC Supported Accommodation Framework for Young People Aged 16 and Above (Bidstats 853737750; Award · supplier @ Worcester),Supported accommodation | Supported living,01 Sep 202,,Local,bidstats,https://bidstats.uk/notice/853737750,853737750,Westminster,2026-06-07T10:06:46.084863
,,,Westminster,Professional Supported Living,WCC Supported Accommodation Framework for Young People Aged 16 and Above (Bidstats 853737750; Award · supplier @ Walthamstow),Supported accommodation | Supported living,01 Sep 202,,Local,bidstats,https://bidstats.uk/notice/853737750,853737750,Westminster,2026-06-07T10:06:46.084863
,,,Westminster,Quaywest Housing,WCC Supported Accommodation Framework for Young People Aged 16 and Above (Bidstats 853737750; Award · supplier @ Leamington Spa),Supported accommodation | Supported living,01 Sep 202,,Local,bidstats,https://bidstats.uk/notice/853737750,853737750,Westminster,2026-06-07T10:06:46.084863
,,,Westminster,Raisso House,WCC Supported Accommodation Framework for Young People Aged 16 and Above (Bidstats 853737750; Award · supplier @ Coventry),Supported accommodation | Supported living,01 Sep 202,,Local,bidstats,https://bidstats.uk/notice/853737750,853737750,Westminster,2026-06-07T10:06:46.084863
,,,Westminster,Red Brick Care,WCC Supported Accommodation Framework for Young People Aged 16 and Above (Bidstats 853737750; Award · supplier @ Uxbridge),Supported accommodation | Supported living,01 Sep 202,,Local,bidstats,https://bidstats.uk/notice/853737750,853737750,Westminster,2026-06-07T10:06:46.084863
,,,Westminster,Seven Care Services,WCC Supported Accommodation Framework for Young People Aged 16 and Above (Bidstats 853737750; Award · supplier @ Lichfield),Supported accommodation | Supported living,01 Sep 202,,Local,bidstats,https://bidstats.uk/notice/853737750,853737750,Westminster,2026-06-07T10:06:46.084863
,,,Westminster,Sge Care & Recruitment,WCC Supported Accommodation Framework for Young People Aged 16 and Above (Bidstats 853737750; Award · supplier @ Hornchurch),Supported accommodation | Supported living,01 Sep 202,,Local,bidstats,https://bidstats.uk/notice/853737750,853737750,Westminster,2026-06-07T10:06:46.084863
,,,Westminster,St Basils,WCC Supported Accommodation Framework for Young People Aged 16 and Above (Bidstats 853737750; Award · supplier @ Birmingham),Supported accommodation | Supported living,01 Sep 202,,Local,bidstats,https://bidstats.uk/notice/853737750,853737750,Westminster,2026-06-07T10:06:46.084863
,,,Westminster,Starlight Support Services,WCC Supported Accommodation Framework for Young People Aged 16 and Above (Bidstats 853737750; Award · supplier @ Birmingham),Supported accommodation | Supported living,01 Sep 202,,Local,bidstats,https://bidstats.uk/notice/853737750,853737750,Westminster,2026-06-07T10:06:46.084863
,,,Westminster,TBN People Support,WCC Supported Accommodation Framework for Young People Aged 16 and Above (Bidstats 853737750; Award · supplier @ Norwich),Supported accommodation | Supported living,01 Sep 202,,Local,bidstats,https://bidstats.uk/notice/853737750,853737750,Westminster,2026-06-07T10:06:46.084863
,,,Westminster,TBTT Direct,WCC Supported Accommodation Framework for Young People Aged 16 and Above (Bidstats 853737750; Award · supplier @ Dudley),Supported accommodation | Supported living,01 Sep 202,,Local,bidstats,https://bidstats.uk/notice/853737750,853737750,Westminster,2026-06-07T10:06:46.084863
,,,Westminster,Tropical Care,WCC Supported Accommodation Framework for Young People Aged 16 and Above (Bidstats 853737750; Award · supplier @ Wolverhampton),Supported accommodation | Supported living,01 Sep 202,,Local,bidstats,https://bidstats.uk/notice/853737750,853737750,Westminster,2026-06-07T10:06:46.084863
,,,Westminster,Vineyard Homes,WCC Supported Accommodation Framework for Young People Aged 16 and Above (Bidstats 853737750; Award · supplier @ London),Supported accommodation | Supported living,01 Sep 202,,Local,bidstats,https://bidstats.uk/notice/853737750,853737750,Westminster,2026-06-07T10:06:46.084863
,,,Pan-London (Capital Letters),Capital Letters,"Capital Letters - pan-London PRS procurement for homeless families · 27 member boroughs (Barnet, Brent, Camden, Croydon, Ealing, Enfield, Hackney, H&F, Haringey, Harrow, Hillingdon, Hounslow, Islington, K&C, Kingston, Lambeth, Lewisham, Merton, Newham, Redbridge, Richmond, Southwark, Sutton, Tower Hamlets, Waltham Forest, Wandsworth, Westminster) · Launched Sep 2019; procurement from April 2020 · 6,800 PRS homes offered, 4,500 let",Emergency accommodation | Temporary accommodation | Homelessness,01/04/2020,,Regional,webresearch,https://capitalletters.org.uk/,,London Councils (Capital Letters),2026-06-06T18:02:04Z
,,,Pan-London (GLA),Look Ahead Care and Support,Tenancy Sustainment Team (TST) North - pan-London move-on tenancy sustainment for former rough sleepers · OJEU competitive tender from April 2016,Supported accommodation | Floating support,01/04/2016,,Regional,webresearch,https://www.london.gov.uk/decisions/md2297-tenancy-sustainment-teams-capacity-increase,,Greater London Authority,2026-06-06T18:02:04Z
,,,Pan-London (GLA),St Mungo's,"No Second Night Out (NSNO) - pan-London rough sleeping outreach + assessment hubs · £14.72M / 4-year contract from April 2017 (extensions via MD2853, MD2957)",Emergency accommodation | Emergency housing,01/04/2017,"£14,720,000",Regional,webresearch,https://www.london.gov.uk/decisions/md1417-rough-sleeping-london-2016-2018,,Greater London Authority,2026-06-06T18:02:04Z
,,,Pan-London (GLA),Thames Reach,London Street Rescue (LSR) - pan-London rough sleeper outreach and emergency accommodation · £3.19M from April 2016 + 2yr extension option,Emergency accommodation | Emergency housing,01/04/2016,"£3,190,000",Regional,webresearch,https://www.london.gov.uk/decisions/md3043-rough-sleeping-services,,Greater London Authority,2026-06-06T18:02:04Z
,,,Pan-London (MHCLG),Expert Link,Homelessness & Rough Sleeping Lived Experience Forum,Emergency accommodation | Emergency housing,17/04/2026,"£38,397",Regional,contractsfinder,https://www.contractsfinder.service.gov.uk/Notice/e7a81d14-35b8-47f1-9de4-13bc0ee91bab-893431,,"Ministry of Housing, Communities and Local Government",
,,,Pan-London (MOPAC),Hestia,Pan-London domestic abuse refuge accommodation incl. 12-bed Westminster facility · Funded by MOPAC; part of £54M Domestic Abuse Safe Accommodation (DASA) programme,Emergency accommodation | Refuge,01/04/2023,,Regional,webresearch,https://www.womensgrid.org.uk/?p=12389,,Mayor's Office for Policing and Crime (MOPAC),2026-06-06T18:02:04Z
,,,Pan-London (MOPAC),Solace Women's Aid,Pan-London domestic abuse safe accommodation for VAWG survivors · Part of MOPAC's £54M Domestic Abuse Safe Accommodation (DASA) Programme + £6M DA survivors fund (announced 2023),Asylum housing | Emergency accommodation | Refuge,01/04/2023,,Regional,webresearch,https://www.london.gov.uk/programmes-strategies/housing-and-land/domestic-abuse-safe-accommodation-and-support,,Mayor's Office for Policing and Crime (MOPAC),2026-06-06T18:02:04Z
,,,BIRMINGHAM CITY COUNCIL,Kwik Let Properties,Temporary Accommodation with the Private Sector and Private Registered Providers of Social Housing,Emergency accommodation | Emergency housing,08/05/2026,"£138,998",Local,contractsfinder,https://www.contractsfinder.service.gov.uk/Notice/3d9e3c33-77cc-4132-95c4-659ca9574fc5-896662,,BIRMINGHAM CITY COUNCIL,
,,,COVENTRY CITY COUNCIL,Phoenix Lodge Coventry Limited,COV - Supported Living for Adults Framework (DPS) - Call Off against lot A3 - 31/12/25 - 25027,Supported living | Supported accommodation,02/03/2026,"£86,944",Local,contractsfinder,https://www.contractsfinder.service.gov.uk/Notice/857637e2-7e11-4914-a20e-261299097def-899494,,COVENTRY CITY COUNCIL,
,,,COVENTRY CITY COUNCIL,Phoenix Lodge Coventry Limited,COV - Supported Living for Adults Framework (DPS) - Call Off against lot A3 - 31/12/25 - 25026,Supported living | Supported accommodation,02/03/2026,"£86,944",Local,contractsfinder,https://www.contractsfinder.service.gov.uk/Notice/7a98a605-c386-4143-a694-196e23e78b1c-899489,,COVENTRY CITY COUNCIL,
,,,DERBY CITY COUNCIL,Safe Families for Children,TD2331 - Family Based Community Support service to help families and care leavers who may have multiple or complex needs,Supported accommodation,15/05/2026,"£194,000",Local,contractsfinder,https://www.contractsfinder.service.gov.uk/Notice/6e7b943b-d700-48e9-b61f-b7115cc7ee65-896937,,DERBY CITY COUNCIL,
,,,EAST RIDING OF YORKSHIRE COUNCIL,Queen Alexandra College,Supported Living Care and Support - Call-Off from BMC1227 Framework -Awarded to Queen Alexandra College,Supported living | Supported accommodation,01/06/2026,"£126,493",Local,contractsfinder,https://www.contractsfinder.service.gov.uk/Notice/bdf1a742-d04f-4f49-8844-53b7ce957ec0-900010,,EAST RIDING OF YORKSHIRE COUNCIL,
,,,East Sussex County Council,British Refugee Council,Award of contract My View project - therapeutic support for asylum seeking young people who are experiencing poor mental health and PTSD,Asylum housing | Emergency accommodation,27/03/2024,"£155,932",County,contractsfinder,https://www.contractsfinder.service.gov.uk/Notice/d20d7fd3-2b40-499f-bb17-50a6bd606d50-896915,,East Sussex County Council,
