Supplier,Council,Contract Title,Categories,Award Date,Value,Scope,Source Portal,Source URL,Source ID
A2Care,Bexley,WNC Nightly Purchased Temporary Accommodation DPS (Bidstats 825294968; Award · supplier @ Northampton),Supported accommodation | Supported living,24 Jun 202,,Local,bidstats,https://bidstats.uk/notice/825294968,825294968
A2Care,Westminster,WCC Supported Accommodation Framework for Young People Aged 16 and Above (Bidstats 853737750; Award · supplier @ Mobbs Miller House),Supported accommodation | Supported living,01 Sep 202,,Local,bidstats,https://bidstats.uk/notice/853737750,853737750
Abacus Care & Support,Royal Borough of Kingston Upon Thames,Re Opening of the Supported Living and Outreach Flexible Framework (Bidstats 813760523; Award · supplier @ None),Supported accommodation | Supported living,31 Dec 202,,Local,bidstats,https://bidstats.uk/notice/813760523,813760523
Abiding,Tower Hamlets,Semi-Independent Living Framework (Bidstats 709886180; Award · supplier @ None),Supported accommodation | Supported living,29 Aug 201,,Local,bidstats,https://bidstats.uk/notice/709886180,709886180
Ability Care and Support,London Borough of Hillingdon,"Care and Support Services for People with Mental Health Needs at Hayes Park Lodge + Hamlet Lodge + floating support service (Hillingdon). £599K / 8-month extension Apr-Nov 2019, aligned with other contract expiry dates for unified retender. (Hillingdon Decision ID 1543, Jan 2019)",Supported living | Mental health | Floating support,01/04/2019,"£599,000",Local,council-cabinet-doc,https://modgov.hillingdon.gov.uk/ieDecisionDetails.aspx?Id=1543,
Ability Housing,Royal Borough of Kingston Upon Thames,Re Opening of the Supported Living and Outreach Flexible Framework (Bidstats 813760523; Award · supplier @ None),Supported accommodation | Supported living,31 Dec 202,,Local,bidstats,https://bidstats.uk/notice/813760523,813760523
Access for Living,London Borough of Lewisham,Learning Disability 2019 (Bidstats 709427286; Award · supplier @ London),Supported accommodation | Supported living,22 Aug 201,,Local,bidstats,https://bidstats.uk/notice/709427286,709427286
Accomplish Group Support,Ealing,Supported Living for People With Learning Disabilities (Bidstats 791412853; Award),Supported accommodation | Supported living,24 Jan 202,,Local,bidstats,https://bidstats.uk/notice/791412853,791412853
Accomplish Group Support,Ealing,Supported Living for People With Mental Health Needs (Bidstats 791609624; Award · supplier @ Birmingham),Supported accommodation | Supported living,27 Jan 202,,Local,bidstats,https://bidstats.uk/notice/791609624,791609624
Active Prospects,Royal Borough of Kingston Upon Thames,Re Opening of the Supported Living and Outreach Flexible Framework (Bidstats 813760523; Award · supplier @ None),Supported accommodation | Supported living,31 Dec 202,,Local,bidstats,https://bidstats.uk/notice/813760523,813760523
Advance Home Care,Royal Borough of Kingston Upon Thames,Re Opening of the Supported Living and Outreach Flexible Framework (Bidstats 813760523; Award · supplier @ None),Supported accommodation | Supported living,31 Dec 202,,Local,bidstats,https://bidstats.uk/notice/813760523,813760523
Advance Housing & Support,Ealing,Supported Living for People With Learning Disabilities (Bidstats 791412853; Award),Supported accommodation | Supported living,24 Jan 202,,Local,bidstats,https://bidstats.uk/notice/791412853,791412853
Advance Housing & Support,Ealing,Supported Living for People With Mental Health Needs (Bidstats 791609624; Award · supplier @ Witney),Supported accommodation | Supported living,27 Jan 202,,Local,bidstats,https://bidstats.uk/notice/791609624,791609624
Alpenbest Care,Royal Borough of Kingston Upon Thames,Re Opening of the Supported Living and Outreach Flexible Framework (Bidstats 813760523; Award · supplier @ None),Supported accommodation | Supported living,31 Dec 202,,Local,bidstats,https://bidstats.uk/notice/813760523,813760523
Alwdo Assist,Royal Borough of Kingston Upon Thames,Re Opening of the Supported Living and Outreach Flexible Framework (Bidstats 813760523; Award · supplier @ None),Supported accommodation | Supported living,31 Dec 202,,Local,bidstats,https://bidstats.uk/notice/813760523,813760523
Ambergreen Health & Social Care,Ealing,Supported Living for People With Mental Health Needs (Bidstats 791609624; Award · supplier @ Luton),Supported accommodation | Supported living,27 Jan 202,,Local,bidstats,https://bidstats.uk/notice/791609624,791609624
Angel Housing,Westminster,WCC Supported Accommodation Framework for Young People Aged 16 and Above (Bidstats 853737750; Award · supplier @ Birmingham),Supported accommodation | Supported living,01 Sep 202,,Local,bidstats,https://bidstats.uk/notice/853737750,853737750
Anytime Homes,Merton,Supported Accommodation Pseudo-Dynamic Purchasing System (Bidstats 820838832; Award · supplier @ Romford),Supported accommodation | Supported living,17 Apr 202,,Local,bidstats,https://bidstats.uk/notice/820838832,820838832
Ashdown Care Homes,Croydon,Independent Supported Living Service for Adults With High Level Needs Flexible Framework - Initial Round (Bidstats 827851182; Award · supplier @ Newcastle upon Tyne),Supported accommodation | Supported living,02 Aug 202,,Local,bidstats,https://bidstats.uk/notice/827851182,827851182
Aspiration Care,Ealing,Supported Living for People With Learning Disabilities (Bidstats 791412853; Award),Supported accommodation | Supported living,24 Jan 202,,Local,bidstats,https://bidstats.uk/notice/791412853,791412853
Assured Living Care Services,Westminster,WCC Supported Accommodation Framework for Young People Aged 16 and Above (Bidstats 853737750; Award · supplier @ Coventry),Supported accommodation | Supported living,01 Sep 202,,Local,bidstats,https://bidstats.uk/notice/853737750,853737750
Atlantic Lodge,Tower Hamlets,Semi-Independent Living Framework (Bidstats 709886180; Award · supplier @ None),Supported accommodation | Supported living,29 Aug 201,,Local,bidstats,https://bidstats.uk/notice/709886180,709886180
Aurora Options,London Borough of Lewisham,Learning Disability 2019 (Bidstats 709427286; Award · supplier @ London),Supported accommodation | Supported living,22 Aug 201,,Local,bidstats,https://bidstats.uk/notice/709427286,709427286
Avenues Group,Royal Borough of Kingston Upon Thames,Re Opening of the Supported Living and Outreach Flexible Framework (Bidstats 813760523; Award · supplier @ None),Supported accommodation | Supported living,31 Dec 202,,Local,bidstats,https://bidstats.uk/notice/813760523,813760523
Balance Support Cio,Royal Borough of Kingston Upon Thames,Re Opening of the Supported Living and Outreach Flexible Framework (Bidstats 813760523; Award · supplier @ None),Supported accommodation | Supported living,31 Dec 202,,Local,bidstats,https://bidstats.uk/notice/813760523,813760523
Barnardos,London Borough of Sutton,Housing Support for Care Leavers and Children in Care Aged 16-24 - London Borough of Sutton… (Bidstats 789774357; Award; supplier @ Ilford),Supported accommodation | Supported living,30 Dec 202,,Local,bidstats,https://bidstats.uk/notice/789774357,789774357
Be Caring,Croydon,Independent Supported Living Service for Adults With High Level Needs Flexible Framework - Initial Round (Bidstats 827851182; Award · supplier @ Newcastle upon Tyne),Supported accommodation | Supported living,02 Aug 202,,Local,bidstats,https://bidstats.uk/notice/827851182,827851182
Beckford Homes,Westminster,WCC Supported Accommodation Framework for Young People Aged 16 and Above (Bidstats 853737750; Award · supplier @ Suffolk),Supported accommodation | Supported living,01 Sep 202,,Local,bidstats,https://bidstats.uk/notice/853737750,853737750
Bedfordshire Supported Housing,Ealing,Supported Living for People With Learning Disabilities (Bidstats 791412853; Award),Supported accommodation | Supported living,24 Jan 202,,Local,bidstats,https://bidstats.uk/notice/791412853,791412853
Best Choice Global,Ealing,Supported Living for People With Learning Disabilities (Bidstats 791412853; Award),Supported accommodation | Supported living,24 Jan 202,,Local,bidstats,https://bidstats.uk/notice/791412853,791412853
Better Oasis,Westminster,WCC Supported Accommodation Framework for Young People Aged 16 and Above (Bidstats 853737750; Award · supplier @ Norwich),Supported accommodation | Supported living,01 Sep 202,,Local,bidstats,https://bidstats.uk/notice/853737750,853737750
Bluoak Housing & Healthcare Consultancy,Westminster,WCC Supported Accommodation Framework for Young People Aged 16 and Above (Bidstats 853737750; Award · supplier @ Southampton),Supported accommodation | Supported living,01 Sep 202,,Local,bidstats,https://bidstats.uk/notice/853737750,853737750
Brandon Trust,London Borough of Lewisham,Learning Disability 2019 (Bidstats 709427286; Award · supplier @ Bristol),Supported accommodation | Supported living,22 Aug 201,,Local,bidstats,https://bidstats.uk/notice/709427286,709427286
Bright Living Homes,Westminster,WCC Supported Accommodation Framework for Young People Aged 16 and Above (Bidstats 853737750; Award · supplier @ Walsall),Supported accommodation | Supported living,01 Sep 202,,Local,bidstats,https://bidstats.uk/notice/853737750,853737750
Brightsky Youth Services,Westminster,WCC Supported Accommodation Framework for Young People Aged 16 and Above (Bidstats 853737750; Award · supplier @ Birmingham),Supported accommodation | Supported living,01 Sep 202,,Local,bidstats,https://bidstats.uk/notice/853737750,853737750
British Refugee Council,East Sussex County Council,Award of contract My View project - therapeutic support for asylum seeking young people who are experiencing poor mental health and PTSD,Asylum housing | Emergency accommodation,27/03/2024,"£155,932",County,contractsfinder,https://www.contractsfinder.service.gov.uk/Notice/d20d7fd3-2b40-499f-bb17-50a6bd606d50-896915,
Buckingham Hotels Group,London Borough of Hillingdon,Dynamic Purchasing System - Temporary Accommodation (Bidstats 829096448; Award · supplier @ High Wycombe),Supported accommodation | Supported living,21 Aug 202,,Local,bidstats,https://bidstats.uk/notice/829096448,829096448
Cambridge Care,Merton,Supported Accommodation Pseudo-Dynamic Purchasing System (Bidstats 820838832; Award · supplier @ Newmarket),Supported accommodation | Supported living,17 Apr 202,,Local,bidstats,https://bidstats.uk/notice/820838832,820838832
Cambridge Housing Society,Merton,Supported Accommodation Pseudo-Dynamic Purchasing System (Bidstats 820838832; Award · supplier @ Histon),Supported accommodation | Supported living,17 Apr 202,,Local,bidstats,https://bidstats.uk/notice/820838832,820838832
Camden Society London Thera Trust,London Borough of Lewisham,Learning Disability 2019 (Bidstats 709427286; Award · supplier @ London),Supported accommodation | Supported living,22 Aug 201,,Local,bidstats,https://bidstats.uk/notice/709427286,709427286
Capital Letters,London Councils (Capital Letters),"Capital Letters - pan-London PRS procurement for homeless families · 27 member boroughs (Barnet, Brent, Camden, Croydon, Ealing, Enfield, Hackney, H&F, Haringey, Harrow, Hillingdon, Hounslow, Islington, K&C, Kingston, Lambeth, Lewisham, Merton, Newham, Redbridge, Richmond, Southwark, Sutton, Tower Hamlets, Waltham Forest, Wandsworth, Westminster) · Launched Sep 2019; procurement from April 2020 · 6,800 PRS homes offered, 4,500 let",Emergency accommodation | Temporary accommodation | Homelessness,01/04/2020,,Regional,webresearch,https://capitalletters.org.uk/,
Carby Community Care,London Borough of Lewisham,Learning Disability 2019 (Bidstats 709427286; Award · supplier @ London),Supported accommodation | Supported living,22 Aug 201,,Local,bidstats,https://bidstats.uk/notice/709427286,709427286
Cardea Healthcare,Royal Borough of Kingston Upon Thames,Re Opening of the Supported Living and Outreach Flexible Framework (Bidstats 813760523; Award · supplier @ None),Supported accommodation | Supported living,31 Dec 202,,Local,bidstats,https://bidstats.uk/notice/813760523,813760523
Care Solutions Group,Ealing,Supported Living for People With Learning Disabilities (Bidstats 791412853; Award),Supported accommodation | Supported living,24 Jan 202,,Local,bidstats,https://bidstats.uk/notice/791412853,791412853
Carebridge Healthcare,Westminster,WCC Supported Accommodation Framework for Young People Aged 16 and Above (Bidstats 853737750; Award · supplier @ Warwick),Supported accommodation | Supported living,01 Sep 202,,Local,bidstats,https://bidstats.uk/notice/853737750,853737750
Careplus Healthcare Service,Royal Borough of Kingston Upon Thames,Re Opening of the Supported Living and Outreach Flexible Framework (Bidstats 813760523; Award · supplier @ None),Supported accommodation | Supported living,31 Dec 202,,Local,bidstats,https://bidstats.uk/notice/813760523,813760523
Carepoint Housing,Haringey,Temporary Accommodation Framework (Bidstats 819855617; Award · supplier @ None),Supported accommodation | Supported living,02 Apr 202,,Local,bidstats,https://bidstats.uk/notice/819855617,819855617
Caretech Community Services,London Borough of Lewisham,Learning Disability 2019 (Bidstats 709427286; Award · supplier @ Potters Bar),Supported accommodation | Supported living,22 Aug 201,,Local,bidstats,https://bidstats.uk/notice/709427286,709427286
Caretech Community Services,Royal Borough of Kingston Upon Thames,Re Opening of the Supported Living and Outreach Flexible Framework (Bidstats 813760523; Award · supplier @ None),Supported accommodation | Supported living,31 Dec 202,,Local,bidstats,https://bidstats.uk/notice/813760523,813760523
Catalyst Housing,Ealing,Supported Living for People With Learning Disabilities (Bidstats 791412853; Award),Supported accommodation | Supported living,24 Jan 202,,Local,bidstats,https://bidstats.uk/notice/791412853,791412853
Catalyst Housing,Ealing,Supported Living for People With Mental Health Needs (Bidstats 791609624; Award · supplier @ Ealing),Supported accommodation | Supported living,27 Jan 202,,Local,bidstats,https://bidstats.uk/notice/791609624,791609624
Caysh,Tower Hamlets,Semi-Independent Living Framework (Bidstats 709886180; Award · supplier @ None),Supported accommodation | Supported living,29 Aug 201,,Local,bidstats,https://bidstats.uk/notice/709886180,709886180
Centennial Property,Bexley,WNC Nightly Purchased Temporary Accommodation DPS (Bidstats 825294968; Award · supplier @ Capability Green Luton),Supported accommodation | Supported living,24 Jun 202,,Local,bidstats,https://bidstats.uk/notice/825294968,825294968
Centrepoint Soho,London Borough of Brent,"Block Contract for Semi-Independent Accommodation for Looked After Children aged 16+ and Care Leavers aged 18+ (Brent). 3yr + 2yr option, from April 2018. £500K+ key decision. (Brent Cabinet Decision ID 4103)",Supported accommodation | Care leavers | Young people,13/04/2018,,Local,council-cabinet-doc,https://democracy.brent.gov.uk/ieDecisionDetails.aspx?Id=4103,
Certitude,London Borough of Hounslow,"LIFE Learning Disabilities Supported Living contract — 13 supported living services (Van Gogh Close, South Street, Finney Lane, Victoria Road, 49A/B/C/D Star Road, Thornbury Road, Vicarage Farm Road, Beavers Lane, Burton Gardens, Hounslow Road) — 70 beds total. Current contract ends 30 April 2027. Re-tender £36.25M / 5+3yr starting May 2027. (Hounslow Cabinet s206187, March 2026)",Supported living | Learning disabilities | Autism,01/05/2017,£36.3M,Local,council-cabinet-doc,https://democraticservices.hounslow.gov.uk/documents/s206187/Learning%20Disability%20Supported%20Living%20Procurement.pdf,
Certitude,London Borough of Richmond upon Thames,Supported Living Placement provider — one of 5 council-confirmed supported living/residential care providers for Richmond. Contracts reviewed at end of 2023. (richmond.gov.uk supported_living_specification),Supported living | Adults,,,Local,council-cabinet-doc,https://www.richmond.gov.uk/media/16395/rbc_supported_living_specification.pdf,
Certitude,Royal Borough of Kensington and Chelsea,Supported living homes operated for 7+ years in RBKC — 10 residents receive round-the-clock bespoke care. (RBKC press release on learning disabilities),Supported living | Learning disabilities,,,Local,council-cabinet-doc,https://www.rbkc.gov.uk/newsroom/mayor-and-mayoress-visit-homes-high-tech-solutions-people-learning-disabilities,
Cheercare Supported Services,Westminster,WCC Supported Accommodation Framework for Young People Aged 16 and Above (Bidstats 853737750; Award · supplier @ Manchester),Supported accommodation | Supported living,01 Sep 202,,Local,bidstats,https://bidstats.uk/notice/853737750,853737750
Chinite Resourcing,London Borough of Lewisham,Learning Disability 2019 (Bidstats 709427286; Award · supplier @ London),Supported accommodation | Supported living,22 Aug 201,,Local,bidstats,https://bidstats.uk/notice/709427286,709427286
Choice Support,London Borough of Lewisham,Learning Disability 2019 (Bidstats 709427286; Award · supplier @ Maidstone),Supported accommodation | Supported living,22 Aug 201,,Local,bidstats,https://bidstats.uk/notice/709427286,709427286
Chosen Care Group,Ealing,Supported Living for People With Learning Disabilities (Bidstats 791412853; Award),Supported accommodation | Supported living,24 Jan 202,,Local,bidstats,https://bidstats.uk/notice/791412853,791412853
Chosen Care Group,Royal Borough of Kingston Upon Thames,Re Opening of the Supported Living and Outreach Flexible Framework (Bidstats 813760523; Award · supplier @ None),Supported accommodation | Supported living,31 Dec 202,,Local,bidstats,https://bidstats.uk/notice/813760523,813760523
Churchill Health Care,Ealing,Supported Living for People With Learning Disabilities (Bidstats 791412853; Award),Supported accommodation | Supported living,24 Jan 202,,Local,bidstats,https://bidstats.uk/notice/791412853,791412853
Churchill Health Care,Ealing,Supported Living for People With Mental Health Needs (Bidstats 791609624; Award · supplier @ Pinner),Supported accommodation | Supported living,27 Jan 202,,Local,bidstats,https://bidstats.uk/notice/791609624,791609624
Comfort Care Services,Royal Borough of Kingston Upon Thames,Re Opening of the Supported Living and Outreach Flexible Framework (Bidstats 813760523; Award · supplier @ None),Supported accommodation | Supported living,31 Dec 202,,Local,bidstats,https://bidstats.uk/notice/813760523,813760523
Comfort Zone Care Services,Ealing,Supported Living for People With Learning Disabilities (Bidstats 791412853; Award),Supported accommodation | Supported living,24 Jan 202,,Local,bidstats,https://bidstats.uk/notice/791412853,791412853
Comfort Zone Care Services,Ealing,Supported Living for People With Mental Health Needs (Bidstats 791609624; Award · supplier @ Luton),Supported accommodation | Supported living,27 Jan 202,,Local,bidstats,https://bidstats.uk/notice/791609624,791609624
Community Integrated Care,Croydon,Independent Supported Living Service for Adults With High Level Needs Flexible Framework - Initial Round (Bidstats 827851182; Award · supplier @ Widnes),Supported accommodation | Supported living,02 Aug 202,,Local,bidstats,https://bidstats.uk/notice/827851182,827851182
Community Integrated Care,London Borough of Lewisham,Learning Disability 2019 (Bidstats 709427286; Award · supplier @ Widnes),Supported accommodation | Supported living,22 Aug 201,,Local,bidstats,https://bidstats.uk/notice/709427286,709427286
Compassionate Care Bureau,Bexley,WNC Nightly Purchased Temporary Accommodation DPS (Bidstats 825294968; Award · supplier @ Summerhouse Road Northampton),Supported accommodation | Supported living,24 Jun 202,,Local,bidstats,https://bidstats.uk/notice/825294968,825294968
Coquet Trust,Croydon,Independent Supported Living Service for Adults With High Level Needs Flexible Framework - Initial Round (Bidstats 827851182; Award · supplier @ Gateshead),Supported accommodation | Supported living,02 Aug 202,,Local,bidstats,https://bidstats.uk/notice/827851182,827851182
County Private Client,Bexley,WNC Nightly Purchased Temporary Accommodation DPS (Bidstats 825294968; Award · supplier @ High Road London),Supported accommodation | Supported living,24 Jun 202,,Local,bidstats,https://bidstats.uk/notice/825294968,825294968
Coventry Refugee & Migrant Centre,Westminster,WCC Supported Accommodation Framework for Young People Aged 16 and Above (Bidstats 853737750; Award · supplier @ Coventry),Supported accommodation | Supported living,01 Sep 202,,Local,bidstats,https://bidstats.uk/notice/853737750,853737750
Craegmoor Supporting You,Ealing,Supported Living for People With Mental Health Needs (Bidstats 791609624; Award · supplier @ London),Supported accommodation | Supported living,27 Jan 202,,Local,bidstats,https://bidstats.uk/notice/791609624,791609624
Creative Support,Croydon,Independent Supported Living Service for Adults With High Level Needs Flexible Framework - Initial Round (Bidstats 827851182; Award · supplier @ Stockport),Supported accommodation | Supported living,02 Aug 202,,Local,bidstats,https://bidstats.uk/notice/827851182,827851182
Creative Support,London Borough of Lewisham,Learning Disability 2019 (Bidstats 709427286; Award · supplier @ Stockport),Supported accommodation | Supported living,22 Aug 201,,Local,bidstats,https://bidstats.uk/notice/709427286,709427286
Cromwood,Haringey,Temporary Accommodation Framework (Bidstats 819855617; Award · supplier @ None),Supported accommodation | Supported living,02 Apr 202,,Local,bidstats,https://bidstats.uk/notice/819855617,819855617
CTRC Services,Royal Borough of Kingston Upon Thames,Re Opening of the Supported Living and Outreach Flexible Framework (Bidstats 813760523; Award · supplier @ None),Supported accommodation | Supported living,31 Dec 202,,Local,bidstats,https://bidstats.uk/notice/813760523,813760523
Daret Healthcare,Royal Borough of Kingston Upon Thames,Re Opening of the Supported Living and Outreach Flexible Framework (Bidstats 813760523; Award · supplier @ None),Supported accommodation | Supported living,31 Dec 202,,Local,bidstats,https://bidstats.uk/notice/813760523,813760523
Delphinus Healthcare,Royal Borough of Kingston Upon Thames,Re Opening of the Supported Living and Outreach Flexible Framework (Bidstats 813760523; Award · supplier @ None),Supported accommodation | Supported living,31 Dec 202,,Local,bidstats,https://bidstats.uk/notice/813760523,813760523
Depaul,London Borough of Sutton,Housing Support for Care Leavers and Children in Care Aged 16-24 - London Borough of Sutton… (Bidstats 789774357; Award; supplier @ London),Supported accommodation | Supported living,30 Dec 202,,Local,bidstats,https://bidstats.uk/notice/789774357,789774357
Deway Care,Ealing,Supported Living for People With Learning Disabilities (Bidstats 791412853; Award),Supported accommodation | Supported living,24 Jan 202,,Local,bidstats,https://bidstats.uk/notice/791412853,791412853
Deway Care,Ealing,Supported Living for People With Mental Health Needs (Bidstats 791609624; Award · supplier @ Harold Wood),Supported accommodation | Supported living,27 Jan 202,,Local,bidstats,https://bidstats.uk/notice/791609624,791609624
Dimensions,Ealing,Supported Living for People With Learning Disabilities (Bidstats 791412853; Award),Supported accommodation | Supported living,24 Jan 202,,Local,bidstats,https://bidstats.uk/notice/791412853,791412853
Dimensions Personalised Support,Croydon,Independent Supported Living Service for Adults With High Level Needs Flexible Framework - Initial Round (Bidstats 827851182; Award · supplier @ Reading),Supported accommodation | Supported living,02 Aug 202,,Local,bidstats,https://bidstats.uk/notice/827851182,827851182
District Homes CIC,Haringey,Temporary Accommodation Framework (Bidstats 819855617; Award · supplier @ None),Supported accommodation | Supported living,02 Apr 202,,Local,bidstats,https://bidstats.uk/notice/819855617,819855617
Ejc Group,Ealing,Supported Living for People With Learning Disabilities (Bidstats 791412853; Award),Supported accommodation | Supported living,24 Jan 202,,Local,bidstats,https://bidstats.uk/notice/791412853,791412853
Eleanor Nursing & Social Care,London Borough of Lewisham,Learning Disability 2019 (Bidstats 709427286; Award · supplier @ Lewisham),Supported accommodation | Supported living,22 Aug 201,,Local,bidstats,https://bidstats.uk/notice/709427286,709427286
Eleanor Nursing & Social Care,London Borough of Merton,Extra Care and Housing Related Support Service (Bidstats 820838636; Award; supplier @ None),Supported accommodation | Supported living,17 Apr 202,,Local,bidstats,https://bidstats.uk/notice/820838636,820838636
Eleanor Nursing & Social Care,London Borough of Merton,Extra Care and Housing Related Support Service (Bidstats 820445653; Award · supplier @ Kent),Supported accommodation | Supported living,11 Apr 202,,Local,bidstats,https://bidstats.uk/notice/820445653,820445653
Elite Careplus,Royal Borough of Kingston Upon Thames,Re Opening of the Supported Living and Outreach Flexible Framework (Bidstats 813760523; Award · supplier @ None),Supported accommodation | Supported living,31 Dec 202,,Local,bidstats,https://bidstats.uk/notice/813760523,813760523
Elliot Leigh,Tower Hamlets,Semi-Independent Living Framework (Bidstats 709886180; Award · supplier @ None),Supported accommodation | Supported living,29 Aug 201,,Local,bidstats,https://bidstats.uk/notice/709886180,709886180
Elysian Field,Westminster,WCC Supported Accommodation Framework for Young People Aged 16 and Above (Bidstats 853737750; Award · supplier @ Rainham),Supported accommodation | Supported living,01 Sep 202,,Local,bidstats,https://bidstats.uk/notice/853737750,853737750
Emezzions,Royal Borough of Kingston Upon Thames,Re Opening of the Supported Living and Outreach Flexible Framework (Bidstats 813760523; Award · supplier @ None),Supported accommodation | Supported living,31 Dec 202,,Local,bidstats,https://bidstats.uk/notice/813760523,813760523
Enhanceable,Royal Borough of Kingston Upon Thames,Re Opening of the Supported Living and Outreach Flexible Framework (Bidstats 813760523; Award · supplier @ None),Supported accommodation | Supported living,31 Dec 202,,Local,bidstats,https://bidstats.uk/notice/813760523,813760523
Enterprise Care Support,Royal Borough of Kingston Upon Thames,Re Opening of the Supported Living and Outreach Flexible Framework (Bidstats 813760523; Award · supplier @ None),Supported accommodation | Supported living,31 Dec 202,,Local,bidstats,https://bidstats.uk/notice/813760523,813760523
Equinox Care,London Borough of Brent,"Accommodation Based Supported Living Services for People with Mental Health Difficulties at 69 Craven Park Road (Brent). £206,552 extension, 10 months from 1 November 2025 pending re-procurement. (Brent Cabinet Decision ID 7560, Oct 2025)",Supported living | Mental health supported accommodation,01/11/2025,"£206,552",Local,council-cabinet-doc,https://democracy.brent.gov.uk/ieDecisionDetails.aspx?ID=7560,
Essential Care & Support,Croydon,Independent Supported Living Service for Adults With High Level Needs Flexible Framework - Initial Round (Bidstats 827851182; Award · supplier @ Accrington),Supported accommodation | Supported living,02 Aug 202,,Local,bidstats,https://bidstats.uk/notice/827851182,827851182
Exclusive Housing Solutions,Bexley,WNC Nightly Purchased Temporary Accommodation DPS (Bidstats 825294968; Award · supplier @ Stanmore),Supported accommodation | Supported living,24 Jun 202,,Local,bidstats,https://bidstats.uk/notice/825294968,825294968
Expert Link,"Ministry of Housing, Communities and Local Government",Homelessness & Rough Sleeping Lived Experience Forum,Emergency accommodation | Emergency housing,17/04/2026,"£38,397",Regional,contractsfinder,https://www.contractsfinder.service.gov.uk/Notice/e7a81d14-35b8-47f1-9de4-13bc0ee91bab-893431,
Firbanks Supported Living,Merton,Supported Accommodation Pseudo-Dynamic Purchasing System (Bidstats 820838832; Award · supplier @ Northampton),Supported accommodation | Supported living,17 Apr 202,,Local,bidstats,https://bidstats.uk/notice/820838832,820838832
Flexible Support Options,Croydon,Independent Supported Living Service for Adults With High Level Needs Flexible Framework - Initial Round (Bidstats 827851182; Award · supplier @ Newcastle upon Tyne),Supported accommodation | Supported living,02 Aug 202,,Local,bidstats,https://bidstats.uk/notice/827851182,827851182
Gateway Care Services,Ealing,Supported Living for People With Learning Disabilities (Bidstats 791412853; Award),Supported accommodation | Supported living,24 Jan 202,,Local,bidstats,https://bidstats.uk/notice/791412853,791412853
Gateway Care Services,Ealing,Supported Living for People With Mental Health Needs (Bidstats 791609624; Award · supplier @ Erith),Supported accommodation | Supported living,27 Jan 202,,Local,bidstats,https://bidstats.uk/notice/791609624,791609624
Genesis Living,Westminster,WCC Supported Accommodation Framework for Young People Aged 16 and Above (Bidstats 853737750; Award · supplier @ Leamington Spa),Supported accommodation | Supported living,01 Sep 202,,Local,bidstats,https://bidstats.uk/notice/853737750,853737750
Gray Healthcare,Ealing,Supported Living for People With Learning Disabilities (Bidstats 791412853; Award),Supported accommodation | Supported living,24 Jan 202,,Local,bidstats,https://bidstats.uk/notice/791412853,791412853
Gray Healthcare,Ealing,Supported Living for People With Mental Health Needs (Bidstats 791609624; Award · supplier @ Liverpool),Supported accommodation | Supported living,27 Jan 202,,Local,bidstats,https://bidstats.uk/notice/791609624,791609624
Great Property Services,Bexley,WNC Nightly Purchased Temporary Accommodation DPS (Bidstats 825294968; Award · supplier @ Abington Park Crescent Northampton),Supported accommodation | Supported living,24 Jun 202,,Local,bidstats,https://bidstats.uk/notice/825294968,825294968
Grove Social Care,Merton,Supported Accommodation Pseudo-Dynamic Purchasing System (Bidstats 820838832; Award · supplier @ Peterborough),Supported accommodation | Supported living,17 Apr 202,,Local,bidstats,https://bidstats.uk/notice/820838832,820838832
Grove Social Care,Westminster,WCC Supported Accommodation Framework for Young People Aged 16 and Above (Bidstats 853737750; Award · supplier @ Peterborough),Supported accommodation | Supported living,01 Sep 202,,Local,bidstats,https://bidstats.uk/notice/853737750,853737750
Harrow Council Rough Sleeping (Housing First),London Borough of Harrow,Rough Sleeping Accommodation Programme (RSAP) — 9 one-bedroom flats acquired for rough sleepers under Housing First model. £2.88M acquisition + initial repairs. Service commencement Dec 2021. Support provider commissioned separately (name not disclosed in public decision).,Emergency accommodation | Homelessness | Housing First,02/10/2021,£2.9M,Local,council-cabinet-doc,https://moderngov.harrow.gov.uk/ieDecisionDetails.aspx?Id=62865,
Heartwood Care,Tower Hamlets,Semi-Independent Living Framework (Bidstats 709886180; Award · supplier @ None),Supported accommodation | Supported living,29 Aug 201,,Local,bidstats,https://bidstats.uk/notice/709886180,709886180
Helping Hands Housing,Haringey,Temporary Accommodation Framework (Bidstats 819855617; Award · supplier @ None),Supported accommodation | Supported living,02 Apr 202,,Local,bidstats,https://bidstats.uk/notice/819855617,819855617
Heritage Care,London Borough of Lewisham,Learning Disability 2019 (Bidstats 709427286; Award · supplier @ Loughton),Supported accommodation | Supported living,22 Aug 201,,Local,bidstats,https://bidstats.uk/notice/709427286,709427286
Hestia,Mayor's Office for Policing and Crime (MOPAC),Pan-London domestic abuse refuge accommodation incl. 12-bed Westminster facility · Funded by MOPAC; part of £54M Domestic Abuse Safe Accommodation (DASA) programme,Emergency accommodation | Refuge,01/04/2023,,Regional,webresearch,https://www.womensgrid.org.uk/?p=12389,
Hestia Housing & Support,London Borough of Croydon,Floating Support for Adults With Disabilities and Vulnerable Adults (Call Off DPS3 Lot 1 and 2)… (Bidstats 828637276; Award · supplier @ London),Supported accommodation | Supported living,14 Aug 202,,Local,bidstats,https://bidstats.uk/notice/828637276,828637276
Hestia Housing & Support,Royal Borough of Kingston Upon Thames,Re Opening of the Supported Living and Outreach Flexible Framework (Bidstats 813760523; Award · supplier @ None),Supported accommodation | Supported living,31 Dec 202,,Local,bidstats,https://bidstats.uk/notice/813760523,813760523
Hillside Care Services CIC,Ealing,Supported Living for People With Learning Disabilities (Bidstats 791412853; Award),Supported accommodation | Supported living,24 Jan 202,,Local,bidstats,https://bidstats.uk/notice/791412853,791412853
Homes for Wandsworth,London Borough of Wandsworth,"Springfield supported living homes — partnership with London Square at the former Springfield University Hospital site, 253-home scheme including supported living homes for vulnerable adults.",Supported living | Adults,,,Local,council-cabinet-doc,https://www.wandsworth.gov.uk/news/news-march-2026/wandsworth-council-and-london-square-agree-second-affordable-homes-partnership/,
Honey Crown Bee,Royal Borough of Kingston Upon Thames,Re Opening of the Supported Living and Outreach Flexible Framework (Bidstats 813760523; Award · supplier @ None),Supported accommodation | Supported living,31 Dec 202,,Local,bidstats,https://bidstats.uk/notice/813760523,813760523
House to Home Lettings,Bexley,WNC Nightly Purchased Temporary Accommodation DPS (Bidstats 825294968; Award · supplier @ Bexley Road Erith London),Supported accommodation | Supported living,24 Jun 202,,Local,bidstats,https://bidstats.uk/notice/825294968,825294968
Immediate Social Care,London Borough of Croydon,Floating Support for Adults With Disabilities and Vulnerable Adults (Call Off DPS3 Lot 1 and 2)… (Bidstats 828637276; Award · supplier @ Select),Supported accommodation | Supported living,14 Aug 202,,Local,bidstats,https://bidstats.uk/notice/828637276,828637276
Impeccable Healthcare Services,London Borough of Lewisham,Learning Disability 2019 (Bidstats 709427286; Award · supplier @ Orpington),Supported accommodation | Supported living,22 Aug 201,,Local,bidstats,https://bidstats.uk/notice/709427286,709427286
Inicio Group,Westminster,WCC Supported Accommodation Framework for Young People Aged 16 and Above (Bidstats 853737750; Award · supplier @ Warrington),Supported accommodation | Supported living,01 Sep 202,,Local,bidstats,https://bidstats.uk/notice/853737750,853737750
Inspired Care,Croydon,Independent Supported Living Service for Adults With High Level Needs Flexible Framework - Initial Round (Bidstats 827851182; Award · supplier @ Boldon Colliery),Supported accommodation | Supported living,02 Aug 202,,Local,bidstats,https://bidstats.uk/notice/827851182,827851182
Itrust Agency,Ealing,Supported Living for People With Learning Disabilities (Bidstats 791412853; Award),Supported accommodation | Supported living,24 Jan 202,,Local,bidstats,https://bidstats.uk/notice/791412853,791412853
Jakaranda Care,Ealing,Supported Living for People With Learning Disabilities (Bidstats 791412853; Award),Supported accommodation | Supported living,24 Jan 202,,Local,bidstats,https://bidstats.uk/notice/791412853,791412853
Jakky Care Group,Ealing,Supported Living for People With Learning Disabilities (Bidstats 791412853; Award),Supported accommodation | Supported living,24 Jan 202,,Local,bidstats,https://bidstats.uk/notice/791412853,791412853
Jem Support Service,Tower Hamlets,Semi-Independent Living Framework (Bidstats 709886180; Award · supplier @ None),Supported accommodation | Supported living,29 Aug 201,,Local,bidstats,https://bidstats.uk/notice/709886180,709886180
Jordan Xavier,London Borough of Lewisham,Learning Disability 2019 (Bidstats 709427286; Award · supplier @ Stanmore),Supported accommodation | Supported living,22 Aug 201,,Local,bidstats,https://bidstats.uk/notice/709427286,709427286
Jordan Xavier,Tower Hamlets,Semi-Independent Living Framework (Bidstats 709886180; Award · supplier @ None),Supported accommodation | Supported living,29 Aug 201,,Local,bidstats,https://bidstats.uk/notice/709886180,709886180
Jordan Xavier,Westminster,WCC Supported Accommodation Framework for Young People Aged 16 and Above (Bidstats 853737750; Award · supplier @ Stanmore),Supported accommodation | Supported living,01 Sep 202,,Local,bidstats,https://bidstats.uk/notice/853737750,853737750
K & S Solutions,Ealing,Supported Living for People With Mental Health Needs (Bidstats 791609624; Award · supplier @ Northampton),Supported accommodation | Supported living,27 Jan 202,,Local,bidstats,https://bidstats.uk/notice/791609624,791609624
Kaleidoscope Project,Royal Borough of Kingston Upon Thames,Re Opening of the Supported Living and Outreach Flexible Framework (Bidstats 813760523; Award · supplier @ None),Supported accommodation | Supported living,31 Dec 202,,Local,bidstats,https://bidstats.uk/notice/813760523,813760523
Kempshire,Merton,Supported Accommodation Pseudo-Dynamic Purchasing System (Bidstats 820838832; Award · supplier @ Brampton),Supported accommodation | Supported living,17 Apr 202,,Local,bidstats,https://bidstats.uk/notice/820838832,820838832
Key 2 Care,Greenwich,Extra Care Framework (Bidstats 824639891; Award · supplier @ Derby),Supported accommodation | Supported living,14 Jun 202,,Local,bidstats,https://bidstats.uk/notice/824639891,824639891
Key Transitions,Westminster,WCC Supported Accommodation Framework for Young People Aged 16 and Above (Bidstats 853737750; Award · supplier @ Leicester),Supported accommodation | Supported living,01 Sep 202,,Local,bidstats,https://bidstats.uk/notice/853737750,853737750
Keyring Living Support Networks,London Borough of Lewisham,Learning Disability 2019 (Bidstats 709427286; Award · supplier @ London),Supported accommodation | Supported living,22 Aug 201,,Local,bidstats,https://bidstats.uk/notice/709427286,709427286
KL Properties,Haringey,Temporary Accommodation Framework (Bidstats 819855617; Award · supplier @ None),Supported accommodation | Supported living,02 Apr 202,,Local,bidstats,https://bidstats.uk/notice/819855617,819855617
Kwik Let Properties,BIRMINGHAM CITY COUNCIL,Temporary Accommodation with the Private Sector and Private Registered Providers of Social Housing,Emergency accommodation | Emergency housing,08/05/2026,"£138,998",Local,contractsfinder,https://www.contractsfinder.service.gov.uk/Notice/3d9e3c33-77cc-4132-95c4-659ca9574fc5-896662,
Kwikfix Recruitment Services,Bexley,WNC Nightly Purchased Temporary Accommodation DPS (Bidstats 825294968; Award · supplier @ Northampton),Supported accommodation | Supported living,24 Jun 202,,Local,bidstats,https://bidstats.uk/notice/825294968,825294968
"Lewisham Learning Disabilities Framework (open, suppliers TBD)",London Borough of Lewisham,"Lewisham LD Framework for Supported Living Services — open framework establishing party only, 8 years (Apr 2026-Mar 2034). Total est value £112M. Mini-competitions select suppliers. Find-a-Tender 2025/S 000-058946 / OCID ocds-h6vhtk-05a046",Supported living | Learning disabilities,23/09/2025,£112.0M,Local,find-a-tender,https://www.find-tender.service.gov.uk/Notice/058946-2025,
Lewisham Nexus Service,London Borough of Lewisham,Learning Disability 2019 (Bidstats 709427286; Award · supplier @ Catford),Supported accommodation | Supported living,22 Aug 201,,Local,bidstats,https://bidstats.uk/notice/709427286,709427286
Liberty Housing Solutions,Bexley,WNC Nightly Purchased Temporary Accommodation DPS (Bidstats 825294968; Award · supplier @ Stanmore),Supported accommodation | Supported living,24 Jun 202,,Local,bidstats,https://bidstats.uk/notice/825294968,825294968
Lifecome,Croydon,Step Down Accommodation (Bidstats 835977734; Award; supplier @ London),Supported accommodation | Supported living,04 Dec 202,,Local,bidstats,https://bidstats.uk/notice/835977734,835977734
Lifeways,London Borough of Richmond upon Thames,Supported Living Placement provider — one of 5 council-confirmed supported living/residential care providers for Richmond.,Supported living | Learning disabilities | Adults,,,Local,council-cabinet-doc,https://www.richmond.gov.uk/media/16395/rbc_supported_living_specification.pdf,
Lifeways Community Care,Croydon,Independent Supported Living Service for Adults With High Level Needs Flexible Framework - Initial Round (Bidstats 827851182; Award · supplier @ Warrington),Supported accommodation | Supported living,02 Aug 202,,Local,bidstats,https://bidstats.uk/notice/827851182,827851182
Lifeways Community Care,London Borough of Lewisham,Learning Disability 2019 (Bidstats 709427286; Award · supplier @ London),Supported accommodation | Supported living,22 Aug 201,,Local,bidstats,https://bidstats.uk/notice/709427286,709427286
Lifeways Community Care,Royal Borough of Kingston Upon Thames,Re Opening of the Supported Living and Outreach Flexible Framework (Bidstats 813760523; Award · supplier @ None),Supported accommodation | Supported living,31 Dec 202,,Local,bidstats,https://bidstats.uk/notice/813760523,813760523
Lifeways Supported Independent Living,Ealing,Supported Living for People With Mental Health Needs (Bidstats 791609624; Award · supplier @ London),Supported accommodation | Supported living,27 Jan 202,,Local,bidstats,https://bidstats.uk/notice/791609624,791609624
Lilibet Court Care,Ealing,Supported Living for People With Learning Disabilities (Bidstats 791412853; Award),Supported accommodation | Supported living,24 Jan 202,,Local,bidstats,https://bidstats.uk/notice/791412853,791412853
Living Spring Solutions Care & Training,London Borough of Lewisham,Learning Disability 2019 (Bidstats 709427286; Award · supplier @ London),Supported accommodation | Supported living,22 Aug 201,,Local,bidstats,https://bidstats.uk/notice/709427286,709427286
Living Waters Services,Westminster,WCC Supported Accommodation Framework for Young People Aged 16 and Above (Bidstats 853737750; Award · supplier @ Coventry),Supported accommodation | Supported living,01 Sep 202,,Local,bidstats,https://bidstats.uk/notice/853737750,853737750
London Borough of Bromley Extra Care Housing Re-Procurement,London Borough of Bromley,5 Extra Care Housing schemes - re-procurement of care and support services launched 2025. Find-a-Tender Notice 007384-2025.,Extra care | Older people,06/03/2025,,Local,council-cabinet-doc,https://www.find-tender.service.gov.uk/Notice/007384-2025,
London Borough of Hackney AHI Supported Living Framework (suppliers confidential),London Borough of Hackney,"AHI S449 Supported Living Services (SLS) & Residential Open Framework - 3 lots (supported living, residential, block packages). 805.7M / 8 years from October 2025. Suppliers in exempt appendix.",Supported living | Residential care | Adults,01/10/2025,£805.7M,Local,council-cabinet-doc,https://hackney.moderngov.co.uk/ieDecisionDetails.aspx?Id=8210,
London Borough of Islington Mental Health Accommodation Pathway,London Borough of Islington,Mental Health Accommodation Pathway Contract Award (Islington). Plus 2425-0692 Supported Housing and Floating Support Framework. Specific provider in democracy portal documents.,Supported accommodation | Mental health | Floating support,,,Local,council-cabinet-doc,https://democracy.islington.gov.uk/documents/s25987/Mental%20Health%20Accommodation%20Pathway%20Contract%20Award%20Report.pdf,
London Borough of Newham PDPS (multiple suppliers — names confidential),London Borough of Newham,"PDPS for children's externally commissioned care, accommodation and support services — Lot 1: Provision of Semi-Independent Living Services for looked after children and care leavers. £182.79M total over 4yr + 4yr extension (25 June 2021 - 24 June 2025 + extension). Specific suppliers via mini-competitions.",Supported accommodation | Semi-independent | Care leavers | Looked after children,25/06/2021,£182.8M,Local,council-cabinet-doc,https://bidstats.uk/tenders/2021/W27/754188609,
London Borough of Redbridge Supported Living (housing associations & voluntary orgs),London Borough of Redbridge,"Supported living operated by mix of housing associations, voluntary organisations, and the council. New commissioning model 1 May 2025 - 30 April 2029.",Supported living | Learning disabilities | Mental health | Autism,01/05/2025,,Local,council-cabinet-doc,https://bidstats.uk/tenders/2024/W40/831979788,
London Borough of Waltham Forest 16+ Semi-Independent Framework (suppliers via mini-competition),London Borough of Waltham Forest,16+ Semi-Independent Accommodation and Support Services Framework for Looked After Children and Care Experienced Young Adults. 16M / 4yr (1 June 2022 - 31 May 2024) + 24mo extension to 31 May 2026.,Supported accommodation | Care leavers | Looked after children,01/06/2022,£16.0M,Local,council-cabinet-doc,https://bidstats.uk/tenders/2022/W28/778567851,
Look Ahead Care & Support,London Borough of Lewisham,Learning Disability 2019 (Bidstats 709427286; Award · supplier @ London),Supported accommodation | Supported living,22 Aug 201,,Local,bidstats,https://bidstats.uk/notice/709427286,709427286
Look Ahead Care and Support,Greater London Authority,Tenancy Sustainment Team (TST) North - pan-London move-on tenancy sustainment for former rough sleepers · OJEU competitive tender from April 2016,Supported accommodation | Floating support,01/04/2016,,Regional,webresearch,https://www.london.gov.uk/decisions/md2297-tenancy-sustainment-teams-capacity-increase,
Look Ahead Care and Support,London Borough of Hounslow,"Children & Young People's Supported Accommodation Services (PREVIOUS — block contract 2016-2025, replaced by YMCA from Aug 2025). Supported 64 children/young people/young parents across 5 locations. Hounslow's commissioned Care Leavers provider since 2016. (Hounslow Cabinet s201140)",Supported accommodation | Care leavers | Young people,01/04/2016,,Local,council-cabinet-doc,https://democraticservices.hounslow.gov.uk/documents/s201140/Children%20Young%20Peoples%20Supported%20Accommodation%20Services%20-%20Cabinet%20fv.pdf,
Look Ahead Care and Support,London Borough of Tower Hamlets,"HAC6054 East London Apartments — supported housing contract awarded to Look Ahead, £622K (Find-a-Tender Aug 2025)",Supported accommodation | Supported living,13/08/2025,"£622,000",Local,bidstats,https://bidstats.uk/tenders/2025/W33/852492665,
Look Ahead Care and Support,Royal Borough of Kensington and Chelsea,Amy Garvey House — specialist supported living service for Community Learning Disability team referrals (RBKC). Monitored by RBKC contract management team. (RBKC service directory),Supported living | Learning disabilities,,,Local,council-cabinet-doc,https://www.rbkc.gov.uk/kb5/rbkc/fis/service.page?id=uWCampyrh0I,
Look Ahead Housing & Care,Royal Borough of Kingston Upon Thames,Re Opening of the Supported Living and Outreach Flexible Framework (Bidstats 813760523; Award · supplier @ None),Supported accommodation | Supported living,31 Dec 202,,Local,bidstats,https://bidstats.uk/notice/813760523,813760523
Look Ahead Housing & Care,Tower Hamlets,Semi-Independent Living Framework (Bidstats 709886180; Award · supplier @ None),Supported accommodation | Supported living,29 Aug 201,,Local,bidstats,https://bidstats.uk/notice/709886180,709886180
Luton Friendship Homecarers,Ealing,Supported Living for People With Learning Disabilities (Bidstats 791412853; Award),Supported accommodation | Supported living,24 Jan 202,,Local,bidstats,https://bidstats.uk/notice/791412853,791412853
Marbell Group,Bexley,WNC Nightly Purchased Temporary Accommodation DPS (Bidstats 825294968; Award · supplier @ Northampton),Supported accommodation | Supported living,24 Jun 202,,Local,bidstats,https://bidstats.uk/notice/825294968,825294968
Mary Seacole Housing Association,Ealing,Supported Living for People With Learning Disabilities (Bidstats 791412853; Award),Supported accommodation | Supported living,24 Jan 202,,Local,bidstats,https://bidstats.uk/notice/791412853,791412853
Mary Seacole Housing Association,Ealing,Supported Living for People With Mental Health Needs (Bidstats 791609624; Award · supplier @ Luton),Supported accommodation | Supported living,27 Jan 202,,Local,bidstats,https://bidstats.uk/notice/791609624,791609624
Mega Resources,Ealing,Supported Living for People With Learning Disabilities (Bidstats 791412853; Award),Supported accommodation | Supported living,24 Jan 202,,Local,bidstats,https://bidstats.uk/notice/791412853,791412853
Metropolitan Housing Trust,London Borough of Hammersmith & Fulham,"Emlyn Gardens — Adults with Learning Disabilities Supported Living contract — White City building, 8 flats (3 wheelchair-accessible). £1,624,770 / 5yr core (3yr initial + 2yr extension) from 11 July 2022 + £1.23M flexible hours + £33K setup. (LBHF Decision ID 4463, June 2022)",Supported living | Learning disabilities,11/07/2022,£1.6M,Local,council-cabinet-doc,https://democracy.lbhf.gov.uk/ieDecisionDetails.aspx?Id=4463,
Metropolitan Housing Trust Limited,London Borough of Brent,"Supported Living Services for Adults at Woodhill Crescent (Brent). £169,066 / 6 months extension Apr-Sep 2025 pending re-procurement. (Brent Cabinet Decision ID 7315, March 2025)",Supported living | Adults,01/04/2025,"£169,066",Local,council-cabinet-doc,https://democracy.brent.gov.uk/ieDecisionDetails.aspx?ID=7315,
Metropolitan Thames Valley Housing,London Borough of Richmond upon Thames,Supported Living Placement provider — one of 5 council-confirmed providers for Richmond.,Supported living | Adults | Housing association,,,Local,council-cabinet-doc,https://www.richmond.gov.uk/media/16395/rbc_supported_living_specification.pdf,
Midco Care,Ealing,Supported Living for People With Learning Disabilities (Bidstats 791412853; Award),Supported accommodation | Supported living,24 Jan 202,,Local,bidstats,https://bidstats.uk/notice/791412853,791412853
Midco Care,Royal Borough of Kingston Upon Thames,Re Opening of the Supported Living and Outreach Flexible Framework (Bidstats 813760523; Award · supplier @ None),Supported accommodation | Supported living,31 Dec 202,,Local,bidstats,https://bidstats.uk/notice/813760523,813760523
MMR Homecare,Westminster,WCC Supported Accommodation Framework for Young People Aged 16 and Above (Bidstats 853737750; Award · supplier @ London),Supported accommodation | Supported living,01 Sep 202,,Local,bidstats,https://bidstats.uk/notice/853737750,853737750
My Homecare Kingston,Royal Borough of Kingston Upon Thames,Re Opening of the Supported Living and Outreach Flexible Framework (Bidstats 813760523; Award · supplier @ None),Supported accommodation | Supported living,31 Dec 202,,Local,bidstats,https://bidstats.uk/notice/813760523,813760523
Nelbro Group,London Borough of Lewisham,Learning Disability 2019 (Bidstats 709427286; Award · supplier @ Carshalton),Supported accommodation | Supported living,22 Aug 201,,Local,bidstats,https://bidstats.uk/notice/709427286,709427286
New Directions Flexible Social Care Solution,Ealing,Supported Living for People With Mental Health Needs (Bidstats 791609624; Award · supplier @ Cheltenham),Supported accommodation | Supported living,27 Jan 202,,Local,bidstats,https://bidstats.uk/notice/791609624,791609624
New Directions Flexible Social Care Solutions,Royal Borough of Kingston Upon Thames,Re Opening of the Supported Living and Outreach Flexible Framework (Bidstats 813760523; Award · supplier @ None),Supported accommodation | Supported living,31 Dec 202,,Local,bidstats,https://bidstats.uk/notice/813760523,813760523
North Worcestershire Basement Project,Westminster,Housing Related Support - Outreach (Bidstats 812122431; Award · supplier @ Bromsgrove),Supported accommodation | Supported living,06 Dec 202,,Local,bidstats,https://bidstats.uk/notice/812122431,812122431
Novo Healthcare,Royal Borough of Kingston Upon Thames,Re Opening of the Supported Living and Outreach Flexible Framework (Bidstats 813760523; Award · supplier @ None),Supported accommodation | Supported living,31 Dec 202,,Local,bidstats,https://bidstats.uk/notice/813760523,813760523
Nwando Domiciliary Care,Ealing,Supported Living for People With Learning Disabilities (Bidstats 791412853; Award),Supported accommodation | Supported living,24 Jan 202,,Local,bidstats,https://bidstats.uk/notice/791412853,791412853
Nwando Domiciliary Care,Ealing,Supported Living for People With Mental Health Needs (Bidstats 791609624; Award · supplier @ Bromley),Supported accommodation | Supported living,27 Jan 202,,Local,bidstats,https://bidstats.uk/notice/791609624,791609624
Nwando Domiciliary Care,Royal Borough of Kingston Upon Thames,Re Opening of the Supported Living and Outreach Flexible Framework (Bidstats 813760523; Award · supplier @ None),Supported accommodation | Supported living,31 Dec 202,,Local,bidstats,https://bidstats.uk/notice/813760523,813760523
Onecare,Royal Borough of Kingston Upon Thames,Re Opening of the Supported Living and Outreach Flexible Framework (Bidstats 813760523; Award · supplier @ None),Supported accommodation | Supported living,31 Dec 202,,Local,bidstats,https://bidstats.uk/notice/813760523,813760523
Otcs Eminent Domiciliary Care Agency,Royal Borough of Kingston Upon Thames,Re Opening of the Supported Living and Outreach Flexible Framework (Bidstats 813760523; Award · supplier @ None),Supported accommodation | Supported living,31 Dec 202,,Local,bidstats,https://bidstats.uk/notice/813760523,813760523
Outlook Care,London Borough of Lewisham,Learning Disability 2019 (Bidstats 709427286; Award · supplier @ Billericay),Supported accommodation | Supported living,22 Aug 201,,Local,bidstats,https://bidstats.uk/notice/709427286,709427286
Outsets Care Services,Tower Hamlets,Semi-Independent Living Framework (Bidstats 709886180; Award · supplier @ None),Supported accommodation | Supported living,29 Aug 201,,Local,bidstats,https://bidstats.uk/notice/709886180,709886180
Pai Healthcare,Royal Borough of Kingston Upon Thames,Re Opening of the Supported Living and Outreach Flexible Framework (Bidstats 813760523; Award · supplier @ None),Supported accommodation | Supported living,31 Dec 202,,Local,bidstats,https://bidstats.uk/notice/813760523,813760523
Pangea Support Services,Tower Hamlets,Semi-Independent Living Framework (Bidstats 709886180; Award · supplier @ None),Supported accommodation | Supported living,29 Aug 201,,Local,bidstats,https://bidstats.uk/notice/709886180,709886180
Path4You,Westminster,WCC Supported Accommodation Framework for Young People Aged 16 and Above (Bidstats 853737750; Award · supplier @ Worcester),Supported accommodation | Supported living,01 Sep 202,,Local,bidstats,https://bidstats.uk/notice/853737750,853737750
PCH Integration Services,Merton,Supported Accommodation Pseudo-Dynamic Purchasing System (Bidstats 820838832; Award · supplier @ Peterborough),Supported accommodation | Supported living,17 Apr 202,,Local,bidstats,https://bidstats.uk/notice/820838832,820838832
Peabody Trust,Tower Hamlets,Semi-Independent Living Framework (Bidstats 709886180; Award · supplier @ None),Supported accommodation | Supported living,29 Aug 201,,Local,bidstats,https://bidstats.uk/notice/709886180,709886180
Penrose Options,Ealing,Supported Living for People With Learning Disabilities (Bidstats 791412853; Award),Supported accommodation | Supported living,24 Jan 202,,Local,bidstats,https://bidstats.uk/notice/791412853,791412853
Penrose Options,Ealing,Supported Living for People With Mental Health Needs (Bidstats 791609624; Award · supplier @ London),Supported accommodation | Supported living,27 Jan 202,,Local,bidstats,https://bidstats.uk/notice/791609624,791609624
Phi Capital Investments,Haringey,Temporary Accommodation Framework (Bidstats 819855617; Award · supplier @ None),Supported accommodation | Supported living,02 Apr 202,,Local,bidstats,https://bidstats.uk/notice/819855617,819855617
Phoenix Lodge Coventry Limited,COVENTRY CITY COUNCIL,COV - Supported Living for Adults Framework (DPS) - Call Off against lot A3 - 31/12/25 - 25027,Supported living | Supported accommodation,02/03/2026,"£86,944",Local,contractsfinder,https://www.contractsfinder.service.gov.uk/Notice/857637e2-7e11-4914-a20e-261299097def-899494,
Phoenix Lodge Coventry Limited,COVENTRY CITY COUNCIL,COV - Supported Living for Adults Framework (DPS) - Call Off against lot A3 - 31/12/25 - 25026,Supported living | Supported accommodation,02/03/2026,"£86,944",Local,contractsfinder,https://www.contractsfinder.service.gov.uk/Notice/7a98a605-c386-4143-a694-196e23e78b1c-899489,
Pmse London,London Borough of Hillingdon,Dynamic Purchasing System - Temporary Accommodation (Bidstats 829096448; Award · supplier @ Uxbridge),Supported accommodation | Supported living,21 Aug 202,,Local,bidstats,https://bidstats.uk/notice/829096448,829096448
Potensial,Croydon,Independent Supported Living Service for Adults With High Level Needs Flexible Framework - Initial Round (Bidstats 827851182; Award · supplier @ Wirral),Supported accommodation | Supported living,02 Aug 202,,Local,bidstats,https://bidstats.uk/notice/827851182,827851182
Priory Care Services,Royal Borough of Kingston Upon Thames,Re Opening of the Supported Living and Outreach Flexible Framework (Bidstats 813760523; Award · supplier @ None),Supported accommodation | Supported living,31 Dec 202,,Local,bidstats,https://bidstats.uk/notice/813760523,813760523
Pristine Recruitment,Royal Borough of Kingston Upon Thames,Re Opening of the Supported Living and Outreach Flexible Framework (Bidstats 813760523; Award · supplier @ None),Supported accommodation | Supported living,31 Dec 202,,Local,bidstats,https://bidstats.uk/notice/813760523,813760523
Profad Care Agency,Ealing,Supported Living for People With Learning Disabilities (Bidstats 791412853; Award),Supported accommodation | Supported living,24 Jan 202,,Local,bidstats,https://bidstats.uk/notice/791412853,791412853
Profad Care Agency,Greenwich,Extra Care Framework (Bidstats 824639891; Award · supplier @ London),Supported accommodation | Supported living,14 Jun 202,,Local,bidstats,https://bidstats.uk/notice/824639891,824639891
Profad Care Agency,London Borough of Lewisham,Learning Disability 2019 (Bidstats 709427286; Award · supplier @ London),Supported accommodation | Supported living,22 Aug 201,,Local,bidstats,https://bidstats.uk/notice/709427286,709427286
Professional Supported Living,Westminster,WCC Supported Accommodation Framework for Young People Aged 16 and Above (Bidstats 853737750; Award · supplier @ Walthamstow),Supported accommodation | Supported living,01 Sep 202,,Local,bidstats,https://bidstats.uk/notice/853737750,853737750
Providence Linc United Services,London Borough of Lewisham,Learning Disability 2019 (Bidstats 709427286; Award · supplier @ Lewisham),Supported accommodation | Supported living,22 Aug 201,,Local,bidstats,https://bidstats.uk/notice/709427286,709427286
Quality Care Surrey,Ealing,Supported Living for People With Learning Disabilities (Bidstats 791412853; Award),Supported accommodation | Supported living,24 Jan 202,,Local,bidstats,https://bidstats.uk/notice/791412853,791412853
Quaywest Housing,Westminster,WCC Supported Accommodation Framework for Young People Aged 16 and Above (Bidstats 853737750; Award · supplier @ Leamington Spa),Supported accommodation | Supported living,01 Sep 202,,Local,bidstats,https://bidstats.uk/notice/853737750,853737750
Queen Alexandra College,EAST RIDING OF YORKSHIRE COUNCIL,Supported Living Care and Support - Call-Off from BMC1227 Framework -Awarded to Queen Alexandra College,Supported living | Supported accommodation,01/06/2026,"£126,493",Local,contractsfinder,https://www.contractsfinder.service.gov.uk/Notice/bdf1a742-d04f-4f49-8844-53b7ce957ec0-900010,
Raisso House,Westminster,WCC Supported Accommodation Framework for Young People Aged 16 and Above (Bidstats 853737750; Award · supplier @ Coventry),Supported accommodation | Supported living,01 Sep 202,,Local,bidstats,https://bidstats.uk/notice/853737750,853737750
Rapha Healthcare,Royal Borough of Kingston Upon Thames,Re Opening of the Supported Living and Outreach Flexible Framework (Bidstats 813760523; Award · supplier @ None),Supported accommodation | Supported living,31 Dec 202,,Local,bidstats,https://bidstats.uk/notice/813760523,813760523
Red Brick Care,Westminster,WCC Supported Accommodation Framework for Young People Aged 16 and Above (Bidstats 853737750; Award · supplier @ Uxbridge),Supported accommodation | Supported living,01 Sep 202,,Local,bidstats,https://bidstats.uk/notice/853737750,853737750
Respect Care Services,Royal Borough of Kingston Upon Thames,Re Opening of the Supported Living and Outreach Flexible Framework (Bidstats 813760523; Award · supplier @ None),Supported accommodation | Supported living,31 Dec 202,,Local,bidstats,https://bidstats.uk/notice/813760523,813760523
Rethink Trading,Croydon,Independent Supported Living Service for Adults With High Level Needs Flexible Framework - Initial Round (Bidstats 827851182; Award · supplier @ London),Supported accommodation | Supported living,02 Aug 202,,Local,bidstats,https://bidstats.uk/notice/827851182,827851182
Riverside,London Borough of Bromley,Bromley Supported Housing - Riverside operates supported housing in Bromley.,Supported housing | Adults,,,Local,council-cabinet-doc,https://www.riverside.org.uk/in-your-neighbourhood/bromley-2/care-and-support/bromley-supported-housing/,
Royal Mencap Society,Ealing,Supported Living for People With Learning Disabilities (Bidstats 791412853; Award),Supported accommodation | Supported living,24 Jan 202,,Local,bidstats,https://bidstats.uk/notice/791412853,791412853
Royal Mencap Society,London Borough of Lewisham,Learning Disability 2019 (Bidstats 709427286; Award · supplier @ London),Supported accommodation | Supported living,22 Aug 201,,Local,bidstats,https://bidstats.uk/notice/709427286,709427286
Royal Mencap Society,Royal Borough of Kingston Upon Thames,Re Opening of the Supported Living and Outreach Flexible Framework (Bidstats 813760523; Award · supplier @ None),Supported accommodation | Supported living,31 Dec 202,,Local,bidstats,https://bidstats.uk/notice/813760523,813760523
S & P Care Services,Ealing,Supported Living for People With Learning Disabilities (Bidstats 791412853; Award),Supported accommodation | Supported living,24 Jan 202,,Local,bidstats,https://bidstats.uk/notice/791412853,791412853
S & P Care Services,Ealing,Supported Living for People With Mental Health Needs (Bidstats 791609624; Award · supplier @ Aylesbury),Supported accommodation | Supported living,27 Jan 202,,Local,bidstats,https://bidstats.uk/notice/791609624,791609624
Safe Families for Children,DERBY CITY COUNCIL,TD2331 - Family Based Community Support service to help families and care leavers who may have multiple or complex needs,Supported accommodation,15/05/2026,"£194,000",Local,contractsfinder,https://www.contractsfinder.service.gov.uk/Notice/6e7b943b-d700-48e9-b61f-b7115cc7ee65-896937,
Sai Aryan Properties,Bexley,WNC Nightly Purchased Temporary Accommodation DPS (Bidstats 825294968; Award · supplier @ Central Milton Keynes),Supported accommodation | Supported living,24 Jun 202,,Local,bidstats,https://bidstats.uk/notice/825294968,825294968
Saint John of God Hospitaller Services,Croydon,Independent Supported Living Service for Adults With High Level Needs Flexible Framework - Initial Round (Bidstats 827851182; Award · supplier @ Darlington),Supported accommodation | Supported living,02 Aug 202,,Local,bidstats,https://bidstats.uk/notice/827851182,827851182
Sans Soucie Home Care,Royal Borough of Kingston Upon Thames,Re Opening of the Supported Living and Outreach Flexible Framework (Bidstats 813760523; Award · supplier @ None),Supported accommodation | Supported living,31 Dec 202,,Local,bidstats,https://bidstats.uk/notice/813760523,813760523
Semi Independent House,Merton,Supported Accommodation Pseudo-Dynamic Purchasing System (Bidstats 820838832; Award · supplier @ Peterborough),Supported accommodation | Supported living,17 Apr 202,,Local,bidstats,https://bidstats.uk/notice/820838832,820838832
Sense,London Borough of Lewisham,Learning Disability 2019 (Bidstats 709427286; Award · supplier @ London),Supported accommodation | Supported living,22 Aug 201,,Local,bidstats,https://bidstats.uk/notice/709427286,709427286
Seven Care Services,Westminster,WCC Supported Accommodation Framework for Young People Aged 16 and Above (Bidstats 853737750; Award · supplier @ Lichfield),Supported accommodation | Supported living,01 Sep 202,,Local,bidstats,https://bidstats.uk/notice/853737750,853737750
Sge Care & Recruitment,Westminster,WCC Supported Accommodation Framework for Young People Aged 16 and Above (Bidstats 853737750; Award · supplier @ Hornchurch),Supported accommodation | Supported living,01 Sep 202,,Local,bidstats,https://bidstats.uk/notice/853737750,853737750
SGSL,Ealing,Supported Living for People With Learning Disabilities (Bidstats 791412853; Award),Supported accommodation | Supported living,24 Jan 202,,Local,bidstats,https://bidstats.uk/notice/791412853,791412853
Silver Birch Care,Tower Hamlets,Semi-Independent Living Framework (Bidstats 709886180; Award · supplier @ None),Supported accommodation | Supported living,29 Aug 201,,Local,bidstats,https://bidstats.uk/notice/709886180,709886180
Single Homeless Project,Camden,Extension to Camden Respite Rooms (Bidstats 841155189; Award · supplier @ London),Supported accommodation | Supported living,21 Feb 202,,Local,bidstats,https://bidstats.uk/notice/841155189,841155189
Single Homeless Project,Tower Hamlets,Semi-Independent Living Framework (Bidstats 709886180; Award · supplier @ None),Supported accommodation | Supported living,29 Aug 201,,Local,bidstats,https://bidstats.uk/notice/709886180,709886180
Sire Capital Group,Haringey,Temporary Accommodation Framework (Bidstats 819855617; Award · supplier @ None),Supported accommodation | Supported living,02 Apr 202,,Local,bidstats,https://bidstats.uk/notice/819855617,819855617
Sixteen Plus,Merton,Supported Accommodation Pseudo-Dynamic Purchasing System (Bidstats 820838832; Award · supplier @ Canterbury),Supported accommodation | Supported living,17 Apr 202,,Local,bidstats,https://bidstats.uk/notice/820838832,820838832
Social Interest Group,London Borough of Enfield,"Mental Health Community Rehabilitation Step-Down Service (Enfield) — awarded to Penrose Options (SIG). £5M, 3-year contract Jan 2020-Jan 2023. Medium/high-support care for adults with complex mental health needs.",Supported living | Mental health step-down accommodation,06/01/2020,£5.0M,Local,bidstats,https://bidstats.uk/tenders/2020/W20/726859844,
Soithside Partnership Certitude,London Borough of Lewisham,Learning Disability 2019 (Bidstats 709427286; Award · supplier @ London),Supported accommodation | Supported living,22 Aug 201,,Local,bidstats,https://bidstats.uk/notice/709427286,709427286
Solace Women's Aid,Mayor's Office for Policing and Crime (MOPAC),Pan-London domestic abuse safe accommodation for VAWG survivors · Part of MOPAC's £54M Domestic Abuse Safe Accommodation (DASA) Programme + £6M DA survivors fund (announced 2023),Asylum housing | Emergency accommodation | Refuge,01/04/2023,,Regional,webresearch,https://www.london.gov.uk/programmes-strategies/housing-and-land/domestic-abuse-safe-accommodation-and-support,
Southcroft Healthcare Lodge,Croydon,Step Down Accommodation (Bidstats 835977734; Award; supplier @ London),Supported accommodation | Supported living,04 Dec 202,,Local,bidstats,https://bidstats.uk/notice/835977734,835977734
Southcroft Healthcare Lodge,Royal Borough of Kingston Upon Thames,Re Opening of the Supported Living and Outreach Flexible Framework (Bidstats 813760523; Award · supplier @ None),Supported accommodation | Supported living,31 Dec 202,,Local,bidstats,https://bidstats.uk/notice/813760523,813760523
Southside Partnership,Southwark,Mental Health Supported Accommodation Services in Southwark– Multi Lot (Bidstats 823066774; Award),Supported accommodation | Supported living,21 May 202,,Local,bidstats,https://bidstats.uk/notice/823066774,823066774
Southside Partnership Certitude,London Borough of Lewisham,Learning Disability 2019 (Bidstats 709427286; Award · supplier @ London),Supported accommodation | Supported living,22 Aug 201,,Local,bidstats,https://bidstats.uk/notice/709427286,709427286
St Annes Community Services,Croydon,Independent Supported Living Service for Adults With High Level Needs Flexible Framework - Initial Round (Bidstats 827851182; Award · supplier @ Leeds),Supported accommodation | Supported living,02 Aug 202,,Local,bidstats,https://bidstats.uk/notice/827851182,827851182
St Basils,Westminster,WCC Supported Accommodation Framework for Young People Aged 16 and Above (Bidstats 853737750; Award · supplier @ Birmingham),Supported accommodation | Supported living,01 Sep 202,,Local,bidstats,https://bidstats.uk/notice/853737750,853737750
St Mungo Community Housing Association,London Borough of Camden,Extensions to Contracts for Mental Health Supported Living Services — extension awarded to St Mungo's (one of the mental-health supported living providers Camden uses). Value £179K–£1M.,Supported living | Mental health supported accommodation,09/01/2025,£1.0M,Local,bidstats,https://bidstats.uk/tenders/2025/W02/838337007,
St Mungo's,Greater London Authority,"No Second Night Out (NSNO) - pan-London rough sleeping outreach + assessment hubs · £14.72M / 4-year contract from April 2017 (extensions via MD2853, MD2957)",Emergency accommodation | Emergency housing,01/04/2017,£14.7M,Regional,webresearch,https://www.london.gov.uk/decisions/md1417-rough-sleeping-london-2016-2018,
St Mungo's,London Borough of Hounslow,Supported living accommodation in Hounslow — council confirmed working partner for supported living services. (hounslow.gov.uk/housing-options-people-need-support/supported-living),Supported living,,,Local,council-cabinet-doc,https://www.hounslow.gov.uk/housing-options-people-need-support/supported-living,
Starlight Support Services,Westminster,WCC Supported Accommodation Framework for Young People Aged 16 and Above (Bidstats 853737750; Award · supplier @ Birmingham),Supported accommodation | Supported living,01 Sep 202,,Local,bidstats,https://bidstats.uk/notice/853737750,853737750
Step Ahead Services,Tower Hamlets,Semi-Independent Living Framework (Bidstats 709886180; Award · supplier @ None),Supported accommodation | Supported living,29 Aug 201,,Local,bidstats,https://bidstats.uk/notice/709886180,709886180
Step4Ward Services,Tower Hamlets,Semi-Independent Living Framework (Bidstats 709886180; Award · supplier @ None),Supported accommodation | Supported living,29 Aug 201,,Local,bidstats,https://bidstats.uk/notice/709886180,709886180
Stepping Stone Project,Haringey,Temporary Accommodation Framework (Bidstats 819855617; Award · supplier @ None),Supported accommodation | Supported living,02 Apr 202,,Local,bidstats,https://bidstats.uk/notice/819855617,819855617
Sunderland Home Care Associates 20 20,Croydon,Independent Supported Living Service for Adults With High Level Needs Flexible Framework - Initial Round (Bidstats 827851182; Award · supplier @ Sunderland),Supported accommodation | Supported living,02 Aug 202,,Local,bidstats,https://bidstats.uk/notice/827851182,827851182
Sunrise Rehabilitation Centre,Ealing,Supported Living for People With Learning Disabilities (Bidstats 791412853; Award),Supported accommodation | Supported living,24 Jan 202,,Local,bidstats,https://bidstats.uk/notice/791412853,791412853
Sunrise Rehabilitation Centre,Ealing,Supported Living for People With Mental Health Needs (Bidstats 791609624; Award · supplier @ Croydon),Supported accommodation | Supported living,27 Jan 202,,Local,bidstats,https://bidstats.uk/notice/791609624,791609624
Sunset Rehabiltation Healthcare Centre,Royal Borough of Kingston Upon Thames,Re Opening of the Supported Living and Outreach Flexible Framework (Bidstats 813760523; Award · supplier @ None),Supported accommodation | Supported living,31 Dec 202,,Local,bidstats,https://bidstats.uk/notice/813760523,813760523
Support Services Consultancy,Haringey,Temporary Accommodation Framework (Bidstats 819855617; Award · supplier @ None),Supported accommodation | Supported living,02 Apr 202,,Local,bidstats,https://bidstats.uk/notice/819855617,819855617
TBN People Support,Westminster,WCC Supported Accommodation Framework for Young People Aged 16 and Above (Bidstats 853737750; Award · supplier @ Norwich),Supported accommodation | Supported living,01 Sep 202,,Local,bidstats,https://bidstats.uk/notice/853737750,853737750
TBTT Direct,Westminster,WCC Supported Accommodation Framework for Young People Aged 16 and Above (Bidstats 853737750; Award · supplier @ Dudley),Supported accommodation | Supported living,01 Sep 202,,Local,bidstats,https://bidstats.uk/notice/853737750,853737750
TCH Prop,Bexley,WNC Nightly Purchased Temporary Accommodation DPS (Bidstats 825294968; Award · supplier @ Borehamwood),Supported accommodation | Supported living,24 Jun 202,,Local,bidstats,https://bidstats.uk/notice/825294968,825294968
Thames Reach,Greater London Authority,London Street Rescue (LSR) - pan-London rough sleeper outreach and emergency accommodation · £3.19M from April 2016 + 2yr extension option,Emergency accommodation | Emergency housing,01/04/2016,£3.2M,Regional,webresearch,https://www.london.gov.uk/decisions/md3043-rough-sleeping-services,
Thanet Healthcare,Royal Borough of Kingston Upon Thames,Re Opening of the Supported Living and Outreach Flexible Framework (Bidstats 813760523; Award · supplier @ None),Supported accommodation | Supported living,31 Dec 202,,Local,bidstats,https://bidstats.uk/notice/813760523,813760523
The Riverside Group,London Borough of Camden,Extensions to Contracts for Mental Health Supported Living Services — extension awarded to Riverside Group. Value £179K–£1M.,Supported living | Mental health supported accommodation,09/01/2025,£1.0M,Local,bidstats,https://bidstats.uk/tenders/2025/W02/838337007,
Three CS Support,London Borough of Lewisham,Learning Disability 2019 (Bidstats 709427286; Award · supplier @ London),Supported accommodation | Supported living,22 Aug 201,,Local,bidstats,https://bidstats.uk/notice/709427286,709427286
THW Way Care Services,Tower Hamlets,Semi-Independent Living Framework (Bidstats 709886180; Award · supplier @ None),Supported accommodation | Supported living,29 Aug 201,,Local,bidstats,https://bidstats.uk/notice/709886180,709886180
TLC Care Homes,Royal Borough of Kingston Upon Thames,Re Opening of the Supported Living and Outreach Flexible Framework (Bidstats 813760523; Award · supplier @ None),Supported accommodation | Supported living,31 Dec 202,,Local,bidstats,https://bidstats.uk/notice/813760523,813760523
Transition Care Peterborough,Merton,Supported Accommodation Pseudo-Dynamic Purchasing System (Bidstats 820838832; Award · supplier @ Market Deeping),Supported accommodation | Supported living,17 Apr 202,,Local,bidstats,https://bidstats.uk/notice/820838832,820838832
Tropical Care,Westminster,WCC Supported Accommodation Framework for Young People Aged 16 and Above (Bidstats 853737750; Award · supplier @ Wolverhampton),Supported accommodation | Supported living,01 Sep 202,,Local,bidstats,https://bidstats.uk/notice/853737750,853737750
Turning Point,Royal Borough of Kensington and Chelsea,Supported accommodation provider (Mental Health) at RBKC. (RBKC service directory),Supported living | Mental health,,,Local,council-cabinet-doc,https://www.rbkc.gov.uk/turning-point,
Turning Point Services,Ealing,Supported Living for People With Learning Disabilities (Bidstats 791412853; Award),Supported accommodation | Supported living,24 Jan 202,,Local,bidstats,https://bidstats.uk/notice/791412853,791412853
Turning Point Services,Ealing,Supported Living for People With Mental Health Needs (Bidstats 791609624; Award · supplier @ London),Supported accommodation | Supported living,27 Jan 202,,Local,bidstats,https://bidstats.uk/notice/791609624,791609624
Turning Point Services,Southwark,Mental Health Supported Accommodation Services in Southwark– Multi Lot (Bidstats 823066774; Award),Supported accommodation | Supported living,21 May 202,,Local,bidstats,https://bidstats.uk/notice/823066774,823066774
United Response,London Borough of Richmond upon Thames,Supported Living Placement provider — one of 5 council-confirmed providers for Richmond.,Supported living | Learning disabilities,,,Local,council-cabinet-doc,https://www.richmond.gov.uk/media/16395/rbc_supported_living_specification.pdf,
United Response Services,Croydon,Independent Supported Living Service for Adults With High Level Needs Flexible Framework - Initial Round (Bidstats 827851182; Award · supplier @ Croydon),Supported accommodation | Supported living,02 Aug 202,,Local,bidstats,https://bidstats.uk/notice/827851182,827851182
University College London Hospitals NHS Trust,Camden,Camden Adult Pathway Partnership (CAPP) 25/26 (Bidstats 844759314; Award · supplier @ London),Supported accommodation | Supported living,17 Apr 202,,Local,bidstats,https://bidstats.uk/notice/844759314,844759314
Valley Housing,London Borough of Brent,"Supported Living provider in Brent — multiple sites, contracts expiring 31 March 2025. Mentioned in Brent Cabinet documents as supported living provider for vulnerable adults with learning disabilities/autism.",Supported living | Learning disabilities | Autism,,,Local,council-cabinet-doc,https://democracy.brent.gov.uk/documents/s145884/16.+Authority+to+Tender+Report+6+LD+Sites.pdf,
Verity Group,Royal Borough of Kingston Upon Thames,Re Opening of the Supported Living and Outreach Flexible Framework (Bidstats 813760523; Award · supplier @ None),Supported accommodation | Supported living,31 Dec 202,,Local,bidstats,https://bidstats.uk/notice/813760523,813760523
Vineyard Homes,Westminster,WCC Supported Accommodation Framework for Young People Aged 16 and Above (Bidstats 853737750; Award · supplier @ London),Supported accommodation | Supported living,01 Sep 202,,Local,bidstats,https://bidstats.uk/notice/853737750,853737750
Voyage,Royal Borough of Kingston Upon Thames,Re Opening of the Supported Living and Outreach Flexible Framework (Bidstats 813760523; Award · supplier @ None),Supported accommodation | Supported living,31 Dec 202,,Local,bidstats,https://bidstats.uk/notice/813760523,813760523
Voyage 1,Ealing,Supported Living for People With Learning Disabilities (Bidstats 791412853; Award),Supported accommodation | Supported living,24 Jan 202,,Local,bidstats,https://bidstats.uk/notice/791412853,791412853
Voyage 1,Ealing,Supported Living for People With Mental Health Needs (Bidstats 791609624; Award · supplier @ Lichfield),Supported accommodation | Supported living,27 Jan 202,,Local,bidstats,https://bidstats.uk/notice/791609624,791609624
Voyage Care,London Borough of Lewisham,Learning Disability 2019 (Bidstats 709427286; Award · supplier @ Lichfield),Supported accommodation | Supported living,22 Aug 201,,Local,bidstats,https://bidstats.uk/notice/709427286,709427286
Walsingham,Ealing,Supported Living for People With Learning Disabilities (Bidstats 791412853; Award),Supported accommodation | Supported living,24 Jan 202,,Local,bidstats,https://bidstats.uk/notice/791412853,791412853
Walsingham,London Borough of Richmond upon Thames,Supported Living Placement provider — one of 5 council-confirmed providers for Richmond.,Supported living | Learning disabilities,,,Local,council-cabinet-doc,https://www.richmond.gov.uk/media/16395/rbc_supported_living_specification.pdf,
Wandle Healthcare Services,Royal Borough of Kingston Upon Thames,Re Opening of the Supported Living and Outreach Flexible Framework (Bidstats 813760523; Award · supplier @ None),Supported accommodation | Supported living,31 Dec 202,,Local,bidstats,https://bidstats.uk/notice/813760523,813760523
We Care Nursing Services,Merton,Supported Accommodation Pseudo-Dynamic Purchasing System (Bidstats 820838832; Award · supplier @ Corby),Supported accommodation | Supported living,17 Apr 202,,Local,bidstats,https://bidstats.uk/notice/820838832,820838832
Winray Care Housing,Ealing,Supported Living for People With Learning Disabilities (Bidstats 791412853; Award),Supported accommodation | Supported living,24 Jan 202,,Local,bidstats,https://bidstats.uk/notice/791412853,791412853
Winray Care Housing,Ealing,Supported Living for People With Mental Health Needs (Bidstats 791609624; Award · supplier @ Leytonstone),Supported accommodation | Supported living,27 Jan 202,,Local,bidstats,https://bidstats.uk/notice/791609624,791609624
Woodstar Capital,London Borough of Lambeth,Streatham homeless housing deal — 10-year leasing deal for 30 studio units for homeless residents. Cabinet Member Delegated Decision Report approved Nov 2025. Private landlord providing supported accommodation for vulnerable Lambeth residents.,Temporary accommodation | Emergency accommodation | Homelessness,01/11/2025,£5.8M,Local,council-cabinet-doc,https://moderngov.lambeth.gov.uk/ieDecisionDetails.aspx?AIId=23045,
YMCA,London Borough of Barking and Dagenham,"Rush Green Road, Romford — new 6-storey supported accommodation block, 184 short-term supported housing units. Spans boundary between Barking & Dagenham and Havering. Planning approved February 2026.",Supported accommodation | Emergency accommodation,10/02/2026,,Local,council-cabinet-doc,https://www.lbbd.gov.uk/adult-health-and-social-care/care-and-housing/supported-living-and-accommodation,
YMCA,London Borough of Havering,"Rush Green Road, Romford — new 6-storey supported accommodation block, 184 short-term supported housing units. Spans boundary between Havering and Barking & Dagenham. Planning approved February 2026.",Supported accommodation | Emergency accommodation,10/02/2026,,Local,council-cabinet-doc,https://www.lbbd.gov.uk/adult-health-and-social-care/care-and-housing/supported-living-and-accommodation,
YMCA St Pauls Group,London Borough of Hounslow,"Children & Young People's Supported Accommodation Services — 3 individual service contracts + 4 property leases (Service A: 37 units, Ofsted-registered 16-17 yr olds; Service B: 19 units, Care Leavers 18+; Service C: 8 units, Care Leavers + Parent & Child). 4 LBH-owned + 1 Notting Hill Housing Group property. £3.74M / 4yr Aug 2025-Jul 2029 + £1.15M lease income. (Hounslow Cabinet s201140, June 2025)",Supported accommodation | Care leavers | Young people | Looked after children,01/08/2025,£3.7M,Local,council-cabinet-doc,https://democraticservices.hounslow.gov.uk/documents/s201140/Children%20Young%20Peoples%20Supported%20Accommodation%20Services%20-%20Cabinet%20fv.pdf,
YMCA Trinity Group,Merton,Supported Accommodation Pseudo-Dynamic Purchasing System (Bidstats 820838832; Award · supplier @ Cambridge),Supported accommodation | Supported living,17 Apr 202,,Local,bidstats,https://bidstats.uk/notice/820838832,820838832
Young Futures,Tower Hamlets,Semi-Independent Living Framework (Bidstats 709886180; Award · supplier @ None),Supported accommodation | Supported living,29 Aug 201,,Local,bidstats,https://bidstats.uk/notice/709886180,709886180
Younique Care,Royal Borough of Kingston Upon Thames,Re Opening of the Supported Living and Outreach Flexible Framework (Bidstats 813760523; Award · supplier @ None),Supported accommodation | Supported living,31 Dec 202,,Local,bidstats,https://bidstats.uk/notice/813760523,813760523
Your Absolute Care,Merton,Supported Accommodation Pseudo-Dynamic Purchasing System (Bidstats 820838832; Award · supplier @ Peterborough),Supported accommodation | Supported living,17 Apr 202,,Local,bidstats,https://bidstats.uk/notice/820838832,820838832
Your Choice (Barnet) Ltd,London Borough of Barnet,"Supported living services, day services and respite support service contract (Barnet). 5 years 2 months from 1 February 2017 to 31 March 2022. In-house provider company. (Barnet Cabinet Decision 6596)",Supported living | Learning disabilities | Day services | Respite,01/02/2017,,Local,council-cabinet-doc,https://barnet.moderngov.co.uk/ieDecisionDetails.aspx?Id=6596,
Zachs Care,Ealing,Supported Living for People With Mental Health Needs (Bidstats 791609624; Award · supplier @ Silsoe),Supported accommodation | Supported living,27 Jan 202,,Local,bidstats,https://bidstats.uk/notice/791609624,791609624
