company_name,domain,website_url,email,phone,primary_category,sectors,in_network,total_contracts,councils_count,councils_top,regions,tier_hint
A2Care,westminster.gov.uk,https://www.westminster.gov.uk/health-and-social-care,adultsocialcare@westminster.gov.uk,020 7641 6000,Supported living,Community accommodation | Emergency accommodation | Emergency housing | Housing | Supported accommodation | Supported living,,2,5,North Northamptonshire Council | Northamptonshire County Council | Nottingham City Council | Westminster City Council | Warwickshire County Council,East Midlands | London | West Midlands,Regional
Abiding,abidingcare.co.uk,https://www.abidingcare.co.uk,info@abidingcare.co.uk,+44 20 3794 9775,Supported living,Asylum housing | Community accommodation | Housing | Supported accommodation | Supported living,,5,7,Tower Hamlets | Brighton & Hove City Council | Cambridgeshire County Council | Peterborough City Council | Hertfordshire County Council  - Adult Care Services,East of England | London | South East,Regional
Ability Care and Support,ability-housing.co.uk,https://www.ability-housing.co.uk,info@ability-housing.co.uk,01784 446 110,Supported living,Floating support | Housing | Mental health | Supported living,,1,1,London Borough of Hillingdon,London,Local
Ability Housing Association,ability-housing.co.uk,https://www.ability-housing.co.uk/,info@ability-housing.co.uk,+44 23 9247 5384,Supported living,Community accommodation | Homecare | Housing | Supported accommodation | Supported living,,2,3,The Royal Borough of Kingston upon Thames | Hampshire County Council | Royal Borough of Kingston Upon Thames,London | South East,Regional
Accedo Care,accedogroup.org.uk,http://www.accedogroup.org.uk/,hello@accedogroup.org.uk,+44 20 3418 8180,Supported living,Homecare | Housing | Supported living,,2,4,London Borough of Barnet Council | In-tend Limited | Hertfordshire County Council | Hertfordshire County Council  - Adult Care Services,East of England | London | National,Regional
Access for Living,accessforliving.org.uk,http://accessforliving.org.uk,info@accessforliving.org.uk,020 8690 1911,Supported living,Housing | Supported accommodation | Supported living,,1,1,London Borough of Lewisham,London,Local
Accommodation Plus,premierinn.com,https://www.premierinn.com/gb/en/hotels/england/greater-london/london/london-enfield.html?cid=GLBC_ENFMTI,,+44 333 777 7927,Emergency accommodation,Emergency accommodation | Emergency housing | Housing,,2,2,London Borough Of Bexley | London Borough of Bexley,London,Local
accomplish group,accomplishgroup.co.uk,https://www.accomplishgroup.co.uk,info@accomplishgroup.co.uk,01978 360050,Supported living,Community accommodation | Homecare | Housing | Supported accommodation | Supported living,yes,4,5,Luton Council | Solihull MBC (SOL) | Bournemouth Borough Council | Northamptonshire County Council | Tower Hamlets,East Midlands | East of England | London | South West | West Midlands,Regional
Active Prospects,activeprospects.org.uk,http://www.activeprospects.org.uk/,info@activeprospects.org.uk,+44 1737 924084,Supported living,Homecare | Housing | Supported accommodation | Supported living,,3,2,The Royal Borough of Kingston upon Thames | Royal Borough of Kingston Upon Thames,London,Local
Aden Homes,adenhomes.com,https://adenhomes.com/,abbey.manager@woodcaregroup.com,+44 1484 866486,Supported living,Community accommodation | Housing | Supported accommodation | Supported living,,1,2,Essex County Council | London Borough of Waltham Forest,East of England | London,Local
Advance Housing & Support,advanceuk.org,https://www.advanceuk.org,info@advanceuk.org,01993 772886,Supported living,Community accommodation | Homecare | Housing | Supported accommodation | Supported living,yes,5,17,Luton Council | Leicester City Council | Ealing | Borough of Poole | Bournemouth Borough Council,East Midlands | East of England | London | National | South East | South West | West Midlands,Regional
Affinia Healthcare Limited,affiniahealthcareltd.co.uk,http://affiniahealthcareltd.co.uk/,,+44 1708 930142,Supported accommodation,Community accommodation | Housing | Supported accommodation,,1,1,London Borough of Havering,London,Local
Alwdo Assist,alwdoassist.co.uk,https://alwdoassist.co.uk/,info@alwdoassist.co.uk,+44 20 3441 7007,Supported living,Homecare | Housing | Supported accommodation | Supported living,,2,2,The Royal Borough of Kingston upon Thames | Royal Borough of Kingston Upon Thames,London,Local
AmberGreen Health and Social Care Ltd,ambergreencare.co.uk,http://www.ambergreencare.co.uk/,info@ambergreencare.co.uk,+44 1582 283093,Supported living,Homecare | Housing | Supported accommodation | Supported living,,1,2,Luton Council | Ealing,East of England | London,Local
Ambient Support Limited,ambient.org.uk,https://www.ambient.org.uk/services/devonshire-avenue,AMBIENTSUPPORTLIMITED@BTGUK.COM,+44 20 8313 9725,Supported living,Community accommodation | Homecare | Housing | Supported accommodation | Supported living,,2,2,Leicester City Council | London Borough of Bromley,East Midlands | London,Regional
AMBITIONZ Ltd,ambitionbs.com,https://www.ambitionbs.com/,event@ambitionbs.com,+44 1449 771176,Supported living,Housing | Supported living,,1,1,London Borough of Sutton,London,Local
Angel Housing,angelsupportuk.co.uk,https://angelsupportuk.co.uk,admin@angelsupport.co.uk,020 8533 2372,Supported living,Housing | Supported accommodation | Supported living,,1,2,Westminster City Council | Warwickshire County Council,London | West Midlands,Regional
angels abode,abode.ltd.uk,http://www.abode.ltd.uk/site/go/contactUs,,,Emergency accommodation,Emergency accommodation | Emergency housing | Housing,,1,1,London Borough Of Bexley,London,Local
Anytime Homes,anytimeconstruction.co.uk,https://www.anytimeconstruction.co.uk/,info@anytimeconstruction.co.uk,+44 7842 892982,Supported living,Community accommodation | Housing | Supported accommodation | Supported living,,1,2,Peterborough City Council | Merton,East of England | London,Local
Arthur Morrison Ltd,amcs.ltd,https://www.amcs.ltd/,Info@amcareservices.co.uk,+44 20 3837 4954,Supported living,Homecare | Housing | Supported living,,3,2,London Borough of Havering | Milton Keynes Council,London | South East,Regional
Aspiration Care,aspirationscare.com,https://aspirationscare.com,info@aspirationscare.com,01452 399 190,Supported living,Housing | Supported accommodation | Supported living,,1,1,Ealing,London,Local
Assured Living Care Services,assuredlivingservices.co.uk,https://assuredlivingservices.co.uk,info@assuredlivingservices.co.uk,01322 386 022,Supported living,Housing | Supported accommodation | Supported living,,1,2,Westminster City Council | Warwickshire County Council,London | West Midlands,Regional
Atlantic Lodge,atlantic-housing.com,http://www.atlantic-housing.com/,tas@atlantic-housing.com,,Supported living,Asylum housing | Housing | Supported accommodation | Supported living,,1,2,Tower Hamlets | London Borough of Waltham Forest,London,Local
Atlantic Lodge Housing,atlantic-housing.com,https://www.atlantic-housing.com,info@atlantic-housing.com,020 8501 7777,Supported living,Housing | Supported accommodation | Supported living,,1,1,London Borough of Waltham Forest,London,Local
Aurora Options,auroraoptions.org.uk,https://www.auroraoptions.org.uk,info@auroraoptions.org.uk,020 7237 1055,Supported living,Housing | Supported accommodation | Supported living,,1,1,London Borough of Lewisham,London,Local
Autism Sussex,amazesussex.org.uk,https://amazesussex.org.uk/conditions-concerns/autism/,enquiries@aspens.org.uk,+44 1424 819366,Supported living,Housing | Supported living,,1,1,London Borough of Barnet Council,London,Local
Avenues London,avenues.life,https://avenues.life/,avenues@avenues.life,+44 20 4580 1500,Supported living,Housing | Supported living,,1,1,The Royal Borough of Kingston upon Thames,London,Local
Balance (Support) CIO,balancesupport.org.uk,http://www.balancesupport.org.uk/,guy.stevenson@balancesupport.org.uk,+44 20 3740 2315,Supported living,Homecare | Housing | Supported accommodation | Supported living,,3,2,The Royal Borough of Kingston upon Thames | Royal Borough of Kingston Upon Thames,London,Local
Barmat Healthcare,barmathealthcare.co.uk,https://barmathealthcare.co.uk,info@barmathealthcare.co.uk,020 8214 1170,Supported living,Housing | Supported accommodation | Supported living,,1,1,London Borough of Waltham Forest,London,Local
Barnardo's,barnardos.org.uk,https://www.barnardos.org.uk/get-support/services/barnardos-nurture-service-inverclyde-thrive-your-time,supportercare@barnardos.org.uk,+44 1475 728493,Supported accommodation,Community accommodation | Housing | Supported accommodation,,2,1,London Borough of Sutton,London,Local
Barnet Mencap,barnetmencap.org.uk,http://www.barnetmencap.org.uk/,projectsupport@barnetmencap.org.uk,+44 20 8349 3842,Supported living,Housing | Supported living,,1,1,London Borough of Barnet Council,London,Local
Beckford Homes,beckfordhomesltd.com,https://www.beckfordhomesltd.com,management.beckfordhomes@gmail.com,,Supported living,Housing | Supported accommodation | Supported living,,1,2,Westminster City Council | Warwickshire County Council,London | West Midlands,Regional
Bedfordshire Supported Housing Limited,bedssupportedhousing.co.uk,https://www.bedssupportedhousing.co.uk/,,+44 1234 841808,Supported living,Homecare | Housing | Supported accommodation | Supported living,,2,3,Luton Council | Central Bedfordshire Council | Ealing,East of England | London,Local
Best Choice Global,bestchoiceglobal.co.uk,https://bestchoiceglobal.co.uk,info@bestchoiceglobal.co.uk,0203 7457072,Supported living,Housing | Supported accommodation | Supported living,,1,1,Ealing,London,Local
Better Oasis,betteroasis.co.uk,https://betteroasis.co.uk,info@betteroasis.co.uk,,Supported living,Housing | Supported accommodation | Supported living,,1,2,Westminster City Council | Warwickshire County Council,London | West Midlands,Regional
Bexletts Ltd,bexley.cylex-uk.co.uk,https://bexley.cylex-uk.co.uk/company/bexletts-19305031.html,,,Emergency accommodation,Emergency accommodation | Emergency housing | Housing,,1,1,London Borough Of Bexley,London,Local
Bluoak Housing & Healthcare Consultancy,bluoakhealthcare.co.uk,https://www.bluoakhealthcare.co.uk,info@bluoakhealthcare.co.uk,023 8000 0000,Supported living,Housing | Supported accommodation | Supported living,,1,2,Westminster City Council | Warwickshire County Council,London | West Midlands,Regional
Bridges Outcomes Partnership (BOP),bridgesoutcomespartnerships.org,https://bridgesoutcomespartnerships.org/,,,Asylum housing,Asylum housing | Housing,,1,1,London Borough of Hackney,London,Local
Bright Living Homes,brightlifeliving.co.uk,https://www.brightlifeliving.co.uk/,info@brightlifeliving.co.uk,+44 121 274 4866,Supported living,Community accommodation | Housing | Supported accommodation | Supported living,,1,3,Lincolnshire County Council | Westminster City Council | Warwickshire County Council,East Midlands | London | West Midlands,Regional
Brightsky Youth Services,brightskyyouthservices.co.uk,http://brightskyyouthservices.co.uk/,info@brightskyyouthservices.co.uk,+44 121 454 3644,Supported living,Community accommodation | Housing | Supported accommodation | Supported living,,1,3,Herefordshire Council | Westminster City Council | Warwickshire County Council,London | West Midlands,Regional
Brunswick Supported Living Services Limited,bsls.uk.com,http://bsls.uk.com/,contact@bsls.uk.com,+44 20 8445 1813,Supported living,Homecare | Housing | Supported living,,2,4,In-tend Limited | Hertfordshire County Council | Hertfordshire County Council  - Adult Care Services | London Borough of Barnet Council,East of England | London | National,Regional
Cambridge Care,merton.gov.uk,https://www.merton.gov.uk/adult-social-care,adult.socialcare@merton.gov.uk,020 8545 4218,Supported living,Housing | Supported accommodation | Supported living,,1,1,Merton,London,Local
Cambridge Housing Society,chsgroup.org.uk,http://www.chsgroup.org.uk/,enquiries@chsgroup.org.uk,+44 300 111 3555,Supported living,Community accommodation | Housing | Supported accommodation | Supported living,,1,2,Peterborough City Council | Merton,East of England | London,Local
Camden Society London Thera Trust,thecamdensociety.co.uk,https://www.thecamdensociety.co.uk,info@thecamdensociety.co.uk,020 7281 1888,Supported living,Housing | Supported accommodation | Supported living,,1,1,London Borough of Lewisham,London,Local
Capital Letters,capitalletters.org.uk,https://capitalletters.org.uk,info@capitalletters.org.uk,020 3950 4640,Emergency accommodation,Emergency accommodation | Homelessness | Housing | Temporary accommodation,,1,27,London Borough of Barnet Council | London Borough of Brent | London Borough of Camden | London Borough of Croydon | London Borough of Ealing,London,Local
Capworth House,walthamforest.gov.uk,https://www.walthamforest.gov.uk/adults-and-health,asc@walthamforest.gov.uk,020 8496 3000,Supported living,Housing | Supported accommodation | Supported living,,1,1,London Borough of Waltham Forest,London,Local
Cardea Healthcare,cardeahealthcare.co.uk,http://www.cardeahealthcare.co.uk/,info@cardeahealthcare.co.uk,+44 1895 913777,Supported living,Homecare | Housing | Supported accommodation | Supported living,,2,2,The Royal Borough of Kingston upon Thames | Royal Borough of Kingston Upon Thames,London,Local
Care Management Group,snapcharity.org,https://www.snapcharity.org/business-directory/3769/achieve-together-formerly-cmg-care-management-group/,,+44 20 8749 8273,Supported living,Housing | Supported living,,2,2,Bournemouth Borough Council | London Borough of Bromley,London | South West,Regional
Care R Us Ltd T/A Krossroads,crossroadscare.co.uk,http://www.crossroadscare.co.uk/,info@crossroads-caringforcarers.org,+44 121 553 6483,Supported living,Community accommodation | Housing | Supported accommodation | Supported living,,1,2,London Borough of Sutton | Essex County Council,East of England | London,Regional
Care Solutions Group,care-solutionsgroup.com,http://www.care-solutionsgroup.com/,info@trustcaresolutions.co.uk,+44 20 3131 0104,Supported living,Community accommodation | Emergency accommodation | Homecare | Housing | Supported accommodation | Supported living,,6,4,Cambridgeshire County Council | Luton Council | Northamptonshire County Council | Ealing,East Midlands | East of England | London,Regional
Care World Wide (London) Ltd,worldcareservicesltd.com,https://worldcareservicesltd.com/,info@worldcareservicesltd.com,+44 20 3642 8444,Supported living,Housing | Supported living,,1,1,London Borough of Barnet Council,London,Local
Carebridge Healthcare,carebridgelimited.co.uk,https://carebridgelimited.co.uk,info@carebridgelimited.co.uk,07861 701164,Supported living,Housing | Supported accommodation | Supported living,,1,2,Westminster City Council | Warwickshire County Council,London | West Midlands,Regional
Careplus Healthcare Services Ltd,careplushealthcare.co.uk,https://www.careplushealthcare.co.uk/,info@careplushealthcare.co.uk,+44 1633 445055,Supported living,Homecare | Housing | Supported accommodation | Supported living,,2,2,The Royal Borough of Kingston upon Thames | Royal Borough of Kingston Upon Thames,London,Local
Caretech Community Services,caretech-uk.com,https://www.caretech-uk.com/,info@caretech-uk.com,+44 20 8269 0693,Supported living,Asylum housing | Community accommodation | Homecare | Housing | Supported accommodation | Supported living,,23,21,Cambridgeshire County Council | Bristol City Council | Sheffield City Council | The Royal Borough of Kingston upon Thames | Wolverhampton City Council,East Midlands | East of England | London | National | North West | South East | South West | West Midlands | Yorkshire & The Humber,National
Catalyst Housing,catalystcare.co.uk,https://www.catalystcare.co.uk/,customerservice@peabody.org.uk,+44 300 123 3456,Supported living,Homecare | Housing | Supported accommodation | Supported living,,4,2,Luton Council | Ealing,East of England | London,Local
Causeway Irish,irishcauseway.org.uk,https://www.irishcauseway.org.uk/,,,Supported accommodation,Community accommodation | Housing | Supported accommodation,,1,1,London Borough of Hackney,London,Local
Causeway Irish Housing Association,irishcauseway.org.uk,http://www.irishcauseway.org.uk/,,+44 20 8365 1751,Supported accommodation,Community accommodation | Housing | Supported accommodation,,1,1,London Borough Of Haringey,London,Local
Caysh,caysh.org,http://www.caysh.org/,info@caysh.org,+44 20 8683 0227,Supported living,Asylum housing | Community accommodation | Housing | Supported accommodation | Supported living,,3,2,London Borough of Sutton | Tower Hamlets,London,Local
Centra Care and Support,care-central.org.uk,http://care-central.org.uk/,enquiries@care-central.org.uk,+44 20 8223 0100,Supported living,Housing | Supported living,,1,1,London Borough Of Barking And Dagenham,London,Local
Centre 404,centre404.org.uk,http://www.centre404.org.uk/,general@centre404.org.uk,+44 20 7607 8762,Supported living,Housing | Supported living,,1,1,Islington Council,London,Local
Centrepoint Soho,centrepoint.org,https://www.centrepoint.org,info@centrepoint.org,020 7689 6300,Supported living,Care leavers | Community accommodation | Emergency housing | Homecare | Housing | Supported accommodation | Supported living | Young people,yes,4,6,Bradford Metropolitan District Council | London Borough of Havering | Barnsley Metropolitan Borough Council | Manchester City Council | Newcastle City Council,London | North East | North West | Yorkshire & The Humber,Regional
Centrepoint Soho (Lot 1 - Assessment and Progress Service Male O,centrepoint.org.uk,https://centrepoint.org.uk/,supportercare@centrepoint.org,+44 845 466 3400,Asylum housing,Asylum housing | Housing,,1,1,London Borough of Camden,London,Local
Centrepoint Soho (Lot 3 - Progress Service Medium to High Suppor,centrepoint.org.uk,https://centrepoint.org.uk/,supportercare@centrepoint.org,+44 800 587 5158,Asylum housing,Asylum housing | Housing,,1,1,London Borough of Camden,London,Local
Centrepoint Soho (Lot 7 - Move Through Service),centrepoint.org.uk,https://centrepoint.org.uk/node/1,,+44 20 7423 6805,Asylum housing,Asylum housing | Housing,,1,1,London Borough of Camden,London,Local
Certitude,certitude.london,https://certitude.london,info@certitude.london,020 3397 3033,Supported living,Adults | Autism | Housing | Learning disabilities | Supported living,,1,4,London Borough of Hounslow | Royal Borough of Kensington and Chelsea | Westminster City Council | London Borough of Richmond upon Thames,London,Local
Certitude (Southside Partnership),certitude.london,https://www.certitude.london/,,+44 20 8772 6222,Supported living,Housing | Supported living,,1,1,London Borough Of Bromley Council,London,Local
Certitude Support,certitude.london,https://www.certitude.london/,,+44 20 3397 3033,Supported living,Housing | Supported living,,1,1,London Borough of Camden,London,Local
Cheercare Supported Services,westminster.gov.uk,https://www.westminster.gov.uk/health-and-social-care,adultsocialcare@westminster.gov.uk,020 7641 6000,Supported living,Housing | Supported accommodation | Supported living,,1,2,Westminster City Council | Warwickshire County Council,London | West Midlands,Regional
Choice Support,choicesupport.org.uk,https://www.choicesupport.org.uk,info@choicesupport.org.uk,020 7378 6161,Supported living,Community accommodation | Homecare | Housing | Supported accommodation | Supported living,yes,8,14,Sheffield City Council | Essex County Council | In-tend Limited | Hertfordshire County Council | Hertfordshire County Council  - Adult Care Services,East Midlands | East of England | London | National | South East | Yorkshire & The Humber,Regional
Christian Action (Enfield) Housing Association Ltd,christianaction.org.uk,https://www.christianaction.org.uk/,,+44 1992 765900,Supported living,Housing | Supported living,,1,1,London Borough of Enfield,London,Local
Cocoon Group Services,cocoongroupservices.com,https://www.cocoongroupservices.com,info@cocoongroupservices.com,020 8351 0094,Supported living,Housing | Supported accommodation | Supported living,,1,1,London Borough of Waltham Forest,London,Local
Comfort Care Services (UK) Ltd,comfortcareservices.com,http://www.comfortcareservices.com/,enquiries@comfortcareservices.com,+44 1628 600412,Supported living,Homecare | Housing | Supported accommodation | Supported living,,3,2,The Royal Borough of Kingston upon Thames | Royal Borough of Kingston Upon Thames,London,Local
Comfort Zone Care Services,comfortzonecare.uk,https://www.comfortzonecare.uk/,info@comfortzonecare.uk,+44 1582 933363,Supported living,Homecare | Housing | Supported accommodation | Supported living,,3,2,Luton Council | Ealing,East of England | London,Local
COMMUNITY INTEGRATED CARE,c-i-c.co.uk,https://www.c-i-c.co.uk,information@c-i-c.co.uk,01514 203637,Supported living,Community accommodation | Emergency accommodation | Emergency housing | Homecare | Housing | Supported accommodation | Supported living,yes,4,39,Bradford Metropolitan District Council | Redcar & Cleveland Borough Council | Halton Borough Council | City of Bradford Metropolitan District Council | Wigan Council,East Midlands | East of England | London | National | North East | North West | South East | South West | West Midlands | Yorkshire & The Humber,National
Consensus Support Services Ltd,consensussupport.com,http://www.consensussupport.com/accommodation/bear-road/?utm_source=Google%20My%20Business&utm_medium=GMB&utm_campaign=Google%20My%20Business,,+44 808 223 5320,Supported living,Emergency accommodation | Emergency housing | Housing | Supported living,,2,2,Essex County Council | London Borough of Barnet Council,East of England | London,Regional
Coquet Trust,coquettrust.org.uk,https://www.coquettrust.org.uk/,enquiries@coquettrust.org.uk,+44 191 285 9270,Supported living,Homecare | Housing | Supported accommodation | Supported living,,3,2,South Tyneside Council | Croydon,London | North East,Local
Craegmoor Supporting You Limited,beyondautism.org.uk,https://www.beyondautism.org.uk/about-autism/services/craegmoor-supporting-you-in-rotherham/,info@beyondautism.org.uk,+44 141 641 2108,Supported living,Homecare | Housing | Supported accommodation | Supported living,,4,6,Sheffield City Council | North East Lincolnshire Council | Herefordshire Council | Lancashire County Council | Nhs Humber & North Yorkshire Icb,London | North West | West Midlands | Yorkshire & The Humber,Regional
Creative Solutions Ltd.,creative-solutions-direct.co.uk,https://www.creative-solutions-direct.co.uk/?utm_source=gbp&utm_medium=organic&utm_campaign=gbp-listing,jc315581158@gmail.com,+44 1297 630130,Supported living,Housing | Supported living,,1,1,London Borough of Wandsworth,London,Local
Creative Support,creativesupport.co.uk,https://www.creativesupport.co.uk,housing.complaints@creativesupport.co.uk,0161 236 0829,Supported living,Community accommodation | Emergency accommodation | Homecare | Housing | Supported accommodation | Supported living,yes,35,46,Bradford Metropolitan District Council | South Tyneside Council | City of Bradford Metropolitan District Council | North East Lincolnshire Council | Redcar & Cleveland Borough Council,East Midlands | East of England | London | North East | North West | South East | West Midlands | Yorkshire & The Humber,National
Cromwood Ltd,cromwood.co.uk,http://www.cromwood.co.uk/,,+44 20 8826 2800,Supported living,Emergency accommodation | Emergency housing | Housing | Supported accommodation | Supported living,,1,2,London Borough Of Bexley | Haringey,London,Local
Crown Social Care,crownsocialcare.org.uk,https://crownsocialcare.org.uk/enquiries,info@crownsocialcare.org.uk,+44 20 3771 2881,Supported living,Asylum housing | Community accommodation | Housing | Supported accommodation | Supported living,,3,4,Peterborough City Council | Cambridgeshire County Council | London Borough of Sutton | London Borough of Waltham Forest,East of England | London,Regional
Crystal Care Supported Living Limited,crystalcaresolutions.co.uk,https://crystalcaresolutions.co.uk/,info@crystalcaresolutions.co.uk,+44 1782 777511,Supported living,Homecare | Housing | Supported living,,2,1,London Borough of Havering,London,Local
CTRC Community Interest Company,ctrcservices.com,https://www.ctrcservices.com/,,+44 1895 440831,Supported living,Housing | Supported living,,1,1,The Royal Borough of Kingston upon Thames,London,Local
CTRC services,ctrcservices.com,https://www.ctrcservices.com/,,+44 1895 440831,Supported living,Homecare | Housing | Supported accommodation | Supported living,,2,2,The Royal Borough of Kingston upon Thames | Royal Borough of Kingston Upon Thames,London,Local
Daley Bread,dalybread.co.uk,https://dalybread.co.uk/,infodaleybread@yahoo.co.uk,+44 7871 320944,Supported living,Housing | Supported living,,1,1,London Borough of Sutton,London,Local
Daret healthcare,darethealthcare.co.uk,http://www.darethealthcare.co.uk/,dapo.habeeb@darethealthcare.co.uk,+44 20 8676 5678,Supported living,Homecare | Housing | Supported accommodation | Supported living,,2,2,The Royal Borough of Kingston upon Thames | Royal Borough of Kingston Upon Thames,London,Local
Delphinus Healthcare,delphinushealthcare.com,https://www.delphinushealthcare.com/,DelphinusHealthcare@gmail.com,+44 7824 026645,Supported living,Homecare | Housing | Supported accommodation | Supported living,,2,2,The Royal Borough of Kingston upon Thames | Royal Borough of Kingston Upon Thames,London,Local
Depaul UK,depauluk.org,https://www.depauluk.org,info@depauluk.org,020 7939 1220,Supported living,Community accommodation | Emergency accommodation | Emergency housing | Housing | Supported accommodation | Supported living,yes,5,6,London Borough of Bromley | North Tyneside Council | London Borough of Sutton | Cumbria County Council | Manchester City Council,London | North East | North West,Regional
Depaul UK (Lot 6 - Specialist Mental Health Complex Needs Servic,depaul.org.uk,https://www.depaul.org.uk/,depaul@depaulcharity.org.uk,+44 20 7939 1220,Asylum housing,Asylum housing | Housing,,1,1,London Borough of Camden,London,Local
Diagrama Healthcare Services Ltd,diagramafoundation.org.uk,https://diagramafoundation.org.uk/senior-dementia-care/edensorcarehomeclacton,,+44 1255 423317,Supported living,Housing | Supported living,,1,1,London Borough of Bromley,London,Local
Dimensions,dimensions-uk.org,https://www.dimensions-uk.org,enquiries@dimensions-uk.org,0300 303 9001,Supported living,Community accommodation | Homecare | Housing | Supported accommodation | Supported living,yes,8,22,Sheffield City Council | Calderdale Council | Luton Council | South Tyneside Council | Wolverhampton City Council,East Midlands | East of England | London | National | North East | North West | South East | South West | West Midlands | Yorkshire & The Humber,National
Dimensions Personalised Support,dimensions-uk.org,https://www.dimensions-uk.org,info@dimensions-uk.org,0300 303 9001,Supported living,Housing | Supported accommodation | Supported living,,1,1,Croydon,London,Local
Dunfield and Mead Ltd.,dunfieldandmead.co.uk,https://dunfieldandmead.co.uk/,,+44 20 8665 4236,Supported living,Housing | Supported living,,1,1,London Borough of Sutton,London,Local
Dynamic Care ltd,dynamiccareservices.com,https://dynamiccareservices.com/,info@dynamiccareservices.com,+44 7538 632553,Supported living,Housing | Supported living,,1,1,London Borough of Sutton,London,Local
East Cheshire Housing Consortium Limited,echc.org.uk,https://www.echc.org.uk/,info@echc.org.uk,+44 1260 298157,Supported living,Housing | Supported living,,2,1,London Borough of Hackney,London,Local
East Living,getliving.com,https://www.getliving.com/our-neighbourhoods/east-village/,,+44 808 164 4744,Supported living,Homecare | Housing | Supported living,,2,1,Tower Hamlets,London,Local
Elite Housing & Support Ltd,elitehousingandsupport.co.uk,https://www.elitehousingandsupport.co.uk/,info@elitehousingandsupport.co.uk,+44 20 3876 7600,Supported living,Housing | Supported living,,1,1,London Borough of Sutton,London,Local
Elite Property Group Ltd,elitelettingsandpropertymanagement.co.uk,http://www.elitelettingsandpropertymanagement.co.uk/,info@elitelettingsandpropertymanagement.co.uk,+44 1388 433640,Emergency accommodation,Emergency accommodation | Emergency housing | Housing,,1,1,London Borough Of Bexley,London,Local
elliot leigh,elliotleigh.com,https://www.elliotleigh.com/guaranteed-rent?utm_source=google&utm_medium=google_business_profile,info@elliotleigh.com,+44 20 8983 4444,Supported living,Asylum housing | Housing | Supported accommodation | Supported living,,1,1,Tower Hamlets,London,Local
Elliot Leigh TLC,elliotleigh.com,https://www.elliotleigh.com/tlc,tlc@elliotleigh.com,020 8514 6611,Supported living,Housing | Supported accommodation | Supported living,,1,1,London Borough of Waltham Forest,London,Local
Elysian Field,elysian-field.co.uk,http://elysian-field.co.uk/,hello@elysian-field.co.uk,+44 121 607 1946,Supported living,Community accommodation | Housing | Supported accommodation | Supported living,,1,4,Warwickshire County Council | Coventry City Council | Solihull Metropolitan Borough Council | Westminster City Council,London | West Midlands,Regional
Emezzions Limited,emezzions.com,http://www.emezzions.com/,,+44 330 330 3283,Supported living,Homecare | Housing | Supported accommodation | Supported living,,2,2,The Royal Borough of Kingston upon Thames | Royal Borough of Kingston Upon Thames,London,Local
EnhanceAble,enhanceable.org,http://www.enhanceable.org/,chloe.binala@enhanceable.org,+44 330 232 0186,Supported living,Homecare | Housing | Supported accommodation | Supported living,,3,2,The Royal Borough of Kingston upon Thames | Royal Borough of Kingston Upon Thames,London,Local
Ephphatha Healthcare Limited,jesouthproperty.com,https://jesouthproperty.com/ephphatha-4-beds-central-a63-3-bedrms-free-wifi/,info@jesouthproperty.com,+44 1482 762655,Supported living,Homecare | Housing | Supported living,,2,1,London Borough of Havering,London,Local
Equinox Care,socialinterestgroup.org.uk,https://socialinterestgroup.org.uk,enquiries@socialinterestgroup.org.uk,020 3668 9270,Supported living,Housing | Mental health supported accommodation | Supported living,,1,1,London Borough of Brent,London,Local
Essential Care and Support Ltd,essentialcaresupport.co.uk,https://www.essentialcaresupport.co.uk/,info@essentialsupportltd.co.uk,+44 191 389 6337,Supported living,Community accommodation | Homecare | Housing | Supported accommodation | Supported living,,3,4,Durham County Council | Redcar & Cleveland Borough Council | Darlington Borough Council | Croydon,London | North East,Local
Everyone Everywhere Care Services,everyoneeverywhere.co.uk,https://everyoneeverywhere.co.uk,info@everyoneeverywhere.co.uk,020 8496 3000,Supported living,Housing | Supported accommodation | Supported living,,1,1,London Borough of Waltham Forest,London,Local
Evolve Housing + Support,evolvehousing.org.uk,https://www.evolvehousing.org.uk/,enquiries@evolvehousing.org.uk,+44 20 7501 9795,Supported accommodation,Community accommodation | Housing | Supported accommodation,,1,1,London Borough of Merton,London,Local
Explore Independence Ltd,exploreindependenceltd.com,http://exploreindependenceltd.com/,,+44 20 7998 0930,Supported living,Housing | Supported living,,1,1,London Borough of Sutton,London,Local
Faithful + Gould,gouldcare.co.uk,https://www.gouldcare.co.uk/,,+44 1372 753121,Emergency accommodation,Emergency accommodation | Housing,,1,1,London Borough of Hackney,London,Local
Family Mosaic,peabody.org.uk,https://www.peabody.org.uk/,,+44 20 7089 1000,Supported accommodation,Community accommodation | Homecare | Housing | Supported accommodation,,3,1,Islington,London,Local
Firbanks Supported Living Ltd,firbankssupportedliving.co.uk,https://www.firbankssupportedliving.co.uk/,info@firbankssupportedliving.co.uk,+44 330 165 6181,Supported living,Community accommodation | Housing | Supported accommodation | Supported living,,3,6,North Northamptonshire Council | Northamptonshire County Council | Bolton Council | Newcastle City Council | Peterborough City Council,East Midlands | East of England | London | North East | North West,Regional
First Stop Housing / My Life Semi Independent Project,mylife.uk.net,https://www.mylife.uk.net/,admin@mylife.uk.net,+44 800 622 6382,Emergency accommodation,Emergency accommodation | Emergency housing | Housing,,1,1,London Borough Of Bexley,London,Local
Flexible Support Options,croydon.gov.uk,https://www.croydon.gov.uk/adult-social-care,contact@flexibleoptions.co.uk,+44 191 258 7254,Supported living,Homecare | Housing | Supported accommodation | Supported living,,3,2,South Tyneside Council | Croydon,London | North East,Local
Fortis Care Limited,fortiscare.co.uk,http://www.fortiscare.co.uk/,contact@fortiscare.co.uk,+44 20 8445 8885,Supported living,Homecare | Housing | Supported living,,1,4,London Borough of Barnet Council | In-tend Limited | Hertfordshire County Council | Hertfordshire County Council  - Adult Care Services,East of England | London | National,Regional
Found8Tions Youth Support Services,foundationsyss.co.uk,https://www.foundationsyss.co.uk,info@foundationsyss.co.uk,0208 058 7055,Supported living,Housing | Supported accommodation | Supported living,,1,1,London Borough of Waltham Forest,London,Local
Fresh Start Care Services,freshstartcare.com,https://www.freshstartcare.com,info@freshstartcare.com,020 8496 3000,Supported living,Housing | Supported accommodation | Supported living,,1,1,London Borough of Waltham Forest,London,Local
Freshstart Care Solutions Ltd,freshstartcaresolutions.com,https://www.freshstartcaresolutions.com/,,,Supported living,Housing | Supported living,,1,1,London Borough of Sutton,London,Local
Gateway Care Services Limited,gatewaycareservice.com,https://www.gatewaycareservice.com/,info@gatewaycareservice.co.uk,+44 20 8320 1234,Supported living,Homecare | Housing | Supported accommodation | Supported living,,4,2,Luton Council | Ealing,East of England | London,Local
Gateway Independent Living,walthamforest.gov.uk,https://www.walthamforest.gov.uk/adults-and-health,asc@walthamforest.gov.uk,020 8496 3000,Supported living,Housing | Supported accommodation | Supported living,,1,1,London Borough of Waltham Forest,London,Local
Genesis Housing Association,nhg.org.uk,http://www.nhg.org.uk/,info@nhg.org.uk,+44 20 3815 0000,Supported living,Homecare | Housing | Supported living,,4,2,Suffolk County Council | London Borough of Barnet Council,East of England | London,Regional
Genesis Living,genesis-living.com,https://genesis-living.com/,info@genesisliving.co.uk,+44 7488 848726,Supported living,Community accommodation | Housing | Supported accommodation | Supported living,,1,3,Northamptonshire County Council | Westminster City Council | Warwickshire County Council,East Midlands | London | West Midlands,Regional
Gentle Hands Care Agency Ltd,gentlehandscareagency.co.uk,http://www.gentlehandscareagency.co.uk/,,+44 20 7998 6977,Supported living,Housing | Supported living,,1,1,London Borough of Barnet Council,London,Local
Glenholme Healthcare Limited,glenholme.org.uk,https://www.glenholme.org.uk/holdingham-grange/,reception@glenholme.org.uk,+44 1753 869777,Supported living,Housing | Supported living,,1,2,London Borough of Barnet Council | Cambridgeshire County Council,East of England | London,Regional
Glenman Corporation Ltd,glenman.co.uk,http://glenman.co.uk/,info@glenman.co.uk,+44 20 8996 8058,Supported living,Housing | Supported living,,1,1,Islington Council,London,Local
Go Ahead Homes,goaheadhomes.com,https://goaheadhomes.com,info@goaheadhomes.com,0208 144 8888,Supported living,Housing | Supported accommodation | Supported living,,1,1,London Borough of Waltham Forest,London,Local
Grange (Whitefield) Care Services,grangewhitefieldcare.com,http://grangewhitefieldcare.com/,admin@grangewhitefieldcare.com,+44 20 8366 7841,Supported living,Housing | Supported living,,1,1,London Borough of Barnet Council,London,Local
Gray Healthcare Limited,grayhealthcare.com,http://www.grayhealthcare.com/,info@grayhealthcare.com,+44 151 255 2830,Supported living,Homecare | Housing | Supported accommodation | Supported living,,5,4,Luton Council | Ealing | Milton Keynes Council | Gloucestershire County Council,East of England | London | South East | South West,Regional
Green Harvest Capital Consulting Ltd,greenharvestcc.com,http://www.greenharvestcc.com/,admin@greenharvestcc.com,+44 20 3409 4420,Supported living,Community accommodation | Housing | Supported accommodation | Supported living,,3,3,Brighton and Hove City Council | Essex County Council | London Borough of Sutton,East of England | London | South East,Regional
Greenwich Adults and Children Learning Disability Framework,royalgreenwich.gov.uk,https://www.royalgreenwich.gov.uk/info/200244/learning_disabilities,asccentral@royalgreenwich.gov.uk,020 8921 4477,Supported living,Extra care | Home care | Housing | Learning disabilities | Supported living,,1,1,Royal Borough of Greenwich,London,Local
Greenwich Living Options,royalgreenwich.gov.uk,https://www.royalgreenwich.gov.uk/info/200244/learning_disabilities/507/learning_disabilities,asccentral@royalgreenwich.gov.uk,020 8921 4477,Supported living,Adults | Housing | Learning disabilities | Supported living,,1,1,Royal Borough Of Greenwich,London,Local
Greenwich Mental Health High Support Accommodation,royalgreenwich.gov.uk,https://www.royalgreenwich.gov.uk/info/200244/mental_health,asccentral@royalgreenwich.gov.uk,020 8921 4477,Supported accommodation,Adults | Housing | Mental health | Supported accommodation,,1,1,Royal Borough of Greenwich,London,Local
Grove Social Care,grove-socialcare.co.uk,https://www.grove-socialcare.co.uk/,admin@grove-socialcare.co.uk,+44 1733 568444,Supported living,Community accommodation | Housing | Supported accommodation | Supported living,,3,8,Derby City Council | North Northamptonshire Council | Northamptonshire County Council | Nottinghamshire County Council | Peterborough City Council,East Midlands | East of England | London | West Midlands,Regional
Hackney AHI Supported Living Framework,hackney.moderngov.co.uk,https://hackney.moderngov.co.uk/ieDecisionDetails.aspx?Id=8210,adultsocialcare@hackney.gov.uk,020 8356 5000,Supported living,Adults | Housing | Residential care | Supported living,,1,1,London Borough of Hackney,London,Local
Hamletts,hamletts.com,https://www.hamletts.com,info@hamletts.com,020 7791 0044,Supported living,Housing | Supported accommodation | Supported living,,1,1,London Borough of Waltham Forest,London,Local
Harrow Mental Health Supported Accommodation Block Contract,harrow.gov.uk,https://www.harrow.gov.uk/adult-social-care,access.team@harrow.gov.uk,020 8901 2680,Supported accommodation,Adults | Housing | Mental health | Supported accommodation,,1,1,Harrow Council,London,Local
Heritage Care Limited,heriitagecareltd.co.uk,http://www.heriitagecareltd.co.uk/,info@heriitagecareltd.co.uk,+44 1905 828116,Supported living,Homecare | Housing | Supported accommodation | Supported living,,2,3,London Borough of Hackney | Norfolk County Council | London Borough of Lewisham,East of England | London,Regional
Hestia Housing and Support,hestia.org,https://www.hestia.org,info@hestia.org,020 7378 3100,Supported living,Community accommodation | Disabilities | Floating support | HIV | Homecare | Housing | Supported accommodation | Supported living,yes,3,6,The Royal Borough of Kingston upon Thames | London Borough of Lewisham | London Borough of Merton | London Borough of Croydon | Royal Borough of Kingston Upon Thames,London,Local
HF TRUST LIMITED,hft.org.uk,https://www.hft.org.uk,hello@hft.org.uk,0117 906 1699,Supported living,Community accommodation | Homecare | Housing | Supported accommodation | Supported living,yes,4,5,Bradford Metropolitan District Council | Sheffield City Council | City of Bradford Metropolitan District Council | Essex County Council | The Royal Borough of Kingston upon Thames,East of England | London | Yorkshire & The Humber,Regional
Hft,hft.org.uk,https://www.hft.org.uk,hello@hft.org.uk,0117 906 1699,Supported living,Community accommodation | Homecare | Housing | Supported accommodation | Supported living,yes,5,6,Cambridgeshire County Council | Calderdale Council | The Royal Borough of Kingston upon Thames | London Borough of Barnet Council | Bristol City Council,East Midlands | East of England | London | South West | Yorkshire & The Humber,Regional
Higher Level Care,higherlevelcare.org,http://www.higherlevelcare.org/,info@higherlevelcare.org,+44 20 8251 0066,Supported living,Housing | Supported living,,1,1,London Borough of Sutton,London,Local
Hillingdon Mind,mindinhillingdon.org.uk,http://mindinhillingdon.org.uk/,mind@hillingdonmind.org.uk,+44 1895 271559,Supported living,Housing | Supported living,,1,2,NHS North West London ICB | London Borough of Hillingdon,London,Local
Hillside Care Services CIC,hillsidecare.co.uk,https://hillsidecare.co.uk,info@hillsidecare.co.uk,0121 554 3909,Supported living,Housing | Supported accommodation | Supported living,,1,1,Ealing,London,Local
Homes for Wandsworth,wandsworth.gov.uk,https://www.wandsworth.gov.uk/housing,housing@wandsworth.gov.uk,020 8871 6000,Supported living,Adults | Housing | Supported living,,1,1,London Borough of Wandsworth,London,Local
Homesdale Supported Living Ltd,homesdalesupportedliving.com,https://www.homesdalesupportedliving.com/,info@homesdalesupportedliving.com,+44 20 8249 2902,Supported living,Homecare | Housing | Supported living,,2,1,London Borough of Havering,London,Local
Hope Superjobs,hopesuperjobs.co.uk,https://hopesuperjobs.co.uk,info@hopesuperjobs.co.uk,020 8514 6611,Supported living,Housing | Supported accommodation | Supported living,,1,1,London Borough of Waltham Forest,London,Local
House To Home Lettings,h2hlettings.com,http://www.h2hlettings.com/,info@h2hlettings.com,+44 1322 337070,Emergency accommodation,Emergency accommodation | Emergency housing | Housing,,1,1,London Borough Of Bexley,London,Local
Icube Dalpro Limited (T/A iCare Services Group),icareservicesgroup.co.uk,https://icareservicesgroup.co.uk/contact/,info@icareservicesgroup.co.uk,+44 20 8087 2062,Supported accommodation,Community accommodation | Housing | Supported accommodation,,1,1,London Borough of Havering,London,Local
Independence way Ltd,independenceway.co.uk,http://independenceway.co.uk/,info@independenceway.co.uk,+44 1474 359699,Supported living,Housing | Supported living,,1,1,London Borough of Sutton,London,Local
Inicio Group Ltd,inicio-group.co.uk,http://www.inicio-group.co.uk/,hello@inicio-group.co.uk,+44 161 418 4180,Supported living,Community accommodation | Housing | Supported accommodation | Supported living,,5,7,Kirklees Council | Bolton Council | Derby City Council | Lincolnshire County Council | Stoke-on-Trent City Council,East Midlands | London | North West | West Midlands | Yorkshire & The Humber,Regional
Inspiration Support Services,inspirationss.co.uk,https://www.inspirationss.co.uk,info@inspirationss.co.uk,020 8496 3000,Supported living,Housing | Supported accommodation | Supported living,,1,1,London Borough of Waltham Forest,London,Local
Itrust Agency,itrustcareservices.com,https://itrustcareservices.com/,admin@itrustcareservices.com,+44 1582 635047,Supported living,Homecare | Housing | Supported accommodation | Supported living,,2,2,Luton Council | Ealing,East of England | London,Local
Jakaranda Care,jakarandacare.co.uk,https://jakarandacare.co.uk,info@jakarandacare.co.uk,+44 20 3371 9248,Supported living,Community accommodation | Homecare | Housing | Supported accommodation | Supported living,,3,3,Luton Council | Northamptonshire County Council | Ealing,East Midlands | East of England | London,Regional
Jakky Care Group,jakkycaregroup.co.uk,https://www.jakkycaregroup.co.uk,enquiries@jakkycaregroup.co.uk,+44 20 3943 9915,Supported living,Homecare | Housing | Supported accommodation | Supported living,,2,2,Luton Council | Ealing,East of England | London,Local
JEM Support Service,jem.services,https://www.jem.services/,info@jem.services,+44 20 3998 2222,Supported living,Asylum housing | Housing | Supported accommodation | Supported living,,1,2,Tower Hamlets | London Borough of Waltham Forest,London,Local
Jordan Xavier Ltd,jordanxavier.co.uk,http://jordanxavier.co.uk/,info@jordanxavier.co.uk,+44 20 8238 5535,Supported living,Asylum housing | Community accommodation | Homecare | Housing | Supported accommodation | Supported living,,11,17,Leicestershire County Council | Warwickshire County Council | Northamptonshire County Council | Tower Hamlets | Brighton & Hove City Council,East Midlands | East of England | London | South East | West Midlands,Regional
Kaleidoscope Project,kaleidoscope68.org,https://kaleidoscope68.org/,spoc.powys@kaleidoscope68.org,+44 1633 811950,Supported living,Homecare | Housing | Supported accommodation | Supported living,,3,2,The Royal Borough of Kingston upon Thames | Royal Borough of Kingston Upon Thames,London,Local
Kempshire,kempshire.co.uk,http://kempshire.co.uk/,info@kempshire.co.uk,+44 7942 495459,Supported living,Community accommodation | Housing | Supported accommodation | Supported living,,2,3,Bolton Council | Peterborough City Council | Merton,East of England | London | North West,Regional
Key Transitions,westminster.gov.uk,https://www.westminster.gov.uk/health-and-social-care,adultsocialcare@westminster.gov.uk,+44 116 319 2530,Supported living,Asylum housing | Community accommodation | Housing | Supported accommodation | Supported living,,5,8,Northamptonshire County Council | Derby City Council | Cambridgeshire County Council | Peterborough City Council | North Northamptonshire Council,East Midlands | East of England | London | West Midlands,Regional
KEYRING - LIVING SUPPORT NETWORKS,keyring.org,https://www.keyring.org,keyring@keyring.org,020 7249 8749,Supported living,Housing | Supported accommodation | Supported living,yes,4,6,Rotherham Metropolitan Borough Council | Bath and North East Somerset Council | London Borough of Barnet Council | Nhs Humber & North Yorkshire Icb | North East Lincolnshire Council,London | South West | Yorkshire & The Humber,Regional
Kisharon,kisharonschool.org.uk,https://www.kisharonschool.org.uk/,office@kisharonschool.org.uk,+44 20 8455 7483,Supported living,Housing | Supported living,,1,1,London Borough of Barnet Council,London,Local
L&Q Living - SWIFT Payments,lqgroup.org.uk,https://www.lqgroup.org.uk/,regulatoryandlegalcommunications@lqgroup.org.uk,+44 300 456 9998,Supported accommodation,Community accommodation | Housing | Supported accommodation,,1,1,London Borough of Havering,London,Local
Lambeth Adults Supported Accommodation Pathway Framework,lambeth.gov.uk,https://www.lambeth.gov.uk/lambeth-data-hub/supported-living,asc@lambeth.gov.uk,020 7926 1000,Supported accommodation,Complex needs | Dual diagnosis | Housing | Mental health | Supported accommodation | Women services,,1,1,London Borough of Lambeth,London,Local
Lambeth Housing Related Support for High Risk Young People,lambeth.gov.uk,https://www.lambeth.gov.uk/support-care-leavers/housing-independent-living,asc@lambeth.gov.uk,020 7926 1000,Supported accommodation,Care leavers | High risk | Housing | Supported accommodation | Young people,,1,1,London Borough of Lambeth,London,Local
Langdon Community,langdonuk.org,http://langdonuk.org/,info@kisharonlangdon.org.uk,+44 20 8951 3942,Supported living,Housing | Supported living,,1,1,London Borough of Barnet Council,London,Local
Learning Disability Network London (LDN London),ldnlondon.org,https://ldnlondon.org/,hello@ldnlondon.org,,Supported living,Housing | Supported living,,1,1,Islington Council,London,Local
Learning Disability Network London Limited,ldnlondon.org,https://www.ldnlondon.org/find-support/ldn-community-hub/,hello@ldnlondon.org,+44 20 8968 7376,Supported living,Housing | Supported living,,1,2,London Borough of Hammersmith & Fulham | London Borough of Camden,London,Local
Lewisham Nexus Service,everystory.org.uk,https://everystory.org.uk/who-we-are,enquiries@everystory.org.uk,+44 20 8613 9965,Supported living,Housing | Supported accommodation | Supported living,,3,3,London Borough of Lewisham | London Borough of Bromley | Tower Hamlets,London,Local
Lifeways,lifewaystherapycentre.com,http://lifewaystherapycentre.com/,info@lifewaystherapycentre.com,+44 1789 292052,Supported living,Adults | Emergency accommodation | Housing | Learning disabilities | Supported living,,5,4,Kirklees Council | Derbyshire County Council | North East Lincolnshire Council | London Borough of Richmond upon Thames,East Midlands | London | Yorkshire & The Humber,Regional
Lifeways Community Care,lifeways.co.uk,https://www.lifeways.co.uk,LWSreferrals@Lifeways.co.uk,0207 202 6300,Supported living,Homecare | Housing | Supported accommodation | Supported living,yes,23,31,Bradford Metropolitan District Council | South Tyneside Council | Sheffield City Council | The Royal Borough of Kingston upon Thames | City of Bradford Metropolitan District Council,East Midlands | East of England | London | North East | North West | South East | South West | West Midlands | Yorkshire & The Humber,National
Lifeways Supported Independent Living,lifeways.co.uk,https://lifeways.co.uk,info@lifeways.co.uk,0333 321 4881,Supported living,Housing | Supported accommodation | Supported living,,1,1,Ealing,London,Local
Lilibet Court Care,lillibethealthcare.co.uk,https://www.lillibethealthcare.co.uk,info@lillibethealthcare.co.uk,01234 851 119,Supported living,Housing | Supported accommodation | Supported living,,1,1,Ealing,London,Local
Living Ambitions Limited,lifeways.co.uk,https://www.lifeways.co.uk/our-services/residential-care,,+44 20 8647 1271,Supported living,Community accommodation | Homecare | Housing | Supported accommodation | Supported living,,4,7,North East Lincolnshire Council | Essex County Council | Doncaster MBC | Doncaster Council | London Borough of Sutton,East of England | London | North East | Yorkshire & The Humber,Regional
Living Spring Solutions Care & Training,livingspringsolutions.co.uk,https://www.livingspringsolutions.co.uk,info@livingspringsolutions.co.uk,020 3417 0405,Supported living,Housing | Supported accommodation | Supported living,,1,1,London Borough of Lewisham,London,Local
Living Waters Services,livingwatersltd.co.uk,https://www.livingwatersltd.co.uk,admin@livingwatersltd.co.uk,024 7518 6190,Supported living,Housing | Supported accommodation | Supported living,,1,2,Westminster City Council | Warwickshire County Council,London | West Midlands,Regional
London Borough of Bromley Extra Care Housing Re-Procurement,bromley.gov.uk,https://www.bromley.gov.uk/extracarehousing,adultcommissioning@bromley.gov.uk,020 8464 3333,Housing,Extra care | Housing | Older people,,1,1,London Borough of Bromley,London,Local
London Borough of Islington Mental Health Accommodation Pathway,democracy.islington.gov.uk,https://democracy.islington.gov.uk/documents/s25987/Mental%20Health%20Accommodation%20Pathway%20Contract%20Award%20Report.pdf,adult.socialservices@islington.gov.uk,020 7527 2000,Supported accommodation,Floating support | Housing | Mental health | Supported accommodation,,1,1,Islington,London,Local
Look Ahead,lookahead.org.uk,https://www.lookahead.org.uk/,getintouch@lookahead.org.uk,+44 1292 266030,Supported living,Community accommodation | Housing | Supported accommodation | Supported living,,1,1,Tower Hamlets,London,Local
Look Ahead Care & Support,lookahead.org.uk,http://www.lookahead.org.uk/,getintouch@lookahead.org.uk,+44 20 7368 4600,Supported living,Care leavers | Community accommodation | Floating support | Homecare | Housing | Learning disabilities | Supported accommodation | Supported living,,5,15,Royal Borough of Kensington and Chelsea | Westminster City Council | Tower Hamlets | London Borough of Hackney | capitalEsourcing,East of England | London | South East,Regional
Look Ahead Housing and Care,lookahead.org.uk,https://www.lookahead.org.uk/,getintouch@lookahead.org.uk,+44 20 7517 0660,Supported living,Asylum housing | Community accommodation | Homecare | Housing | Supported accommodation | Supported living,,7,4,Tower Hamlets | The Royal Borough of Kingston upon Thames | London Borough Of Bexley | Royal Borough of Kingston Upon Thames,London,Local
Lukka Homes,lukkahomes.com,https://lukkahomes.com/,info@lukkahomes.com,,Emergency accommodation,Emergency accommodation | Emergency housing | Housing,,1,1,London Borough of Hackney,London,Local
Luton Friendship Homecarers,lutonfhc.org.uk,http://www.lutonfhc.org.uk/,enquiries@lutonfhc.org.uk,+44 1582 736157,Supported living,Homecare | Housing | Supported accommodation | Supported living,,2,2,Luton Council | Ealing,East of England | London,Local
Mary Seacole Housing Association Ltd,maryseacoleha.com,http://www.maryseacoleha.com/,mail@maryseacoleha.com,+44 1582 415651,Supported living,Emergency accommodation | Emergency housing | Homecare | Housing | Supported accommodation | Supported living,,4,2,Luton Council | Ealing,East of England | London,Local
mcch,snapcharity.org,https://www.snapcharity.org/business-directory/4199/mcch/,,+44 1227 471074,Supported living,Community accommodation | Homecare | Housing | Supported accommodation | Supported living,,3,2,London Borough of Sutton | Northamptonshire County Council,East Midlands | London,Regional
Metropolitan Housing Trust,metropolitan.org.uk,https://www.metropolitan.org.uk,customerservices@metropolitan.org.uk,0300 123 1220,Supported living,Adults | Asylum housing | Community accommodation | Homecare | Housing | Learning disabilities | Supported accommodation | Supported living,yes,5,8,Essex County Council | London Borough of Hammersmith & Fulham | In-tend Limited | Hertfordshire County Council | Hertfordshire County Council  - Adult Care Services,East of England | London | National | Yorkshire & The Humber,Regional
Metropolitan Housing Trust Limited T/A Metropolitan Thames Valle,mtvh.co.uk,http://mtvh.co.uk/,,+44 20 3535 3535,Supported accommodation,Community accommodation | Housing | Supported accommodation,,1,1,London Borough Of Haringey,London,Local
Metropolitan Thames Valley Housing,mtvh.co.uk,https://www.mtvh.co.uk,communications@mtvh.co.uk,0203 535 3535,Supported living,Adults | Housing | Housing association | Supported living,,1,1,London Borough of Richmond upon Thames,London,Local
Midco Care,midco-care.co.uk,http://www.midco-care.co.uk/,info@midco-care.co.uk,+44 1733 530580,Supported living,Asylum housing | Community accommodation | Homecare | Housing | Supported accommodation | Supported living,,23,22,The Royal Borough of Kingston upon Thames | Luton Council | Northamptonshire County Council | Oxfordshire County Council | In-tend Limited,East Midlands | East of England | London | National | South East | West Midlands,Regional
My Life Semi-independent Project Limited,mylife.uk.net,https://www.mylife.uk.net/,admin@mylife.uk.net,,Supported accommodation,Community accommodation | Emergency housing | Housing | Supported accommodation,,1,2,East Sussex County Council | London Borough Of Bexley,London | South East,Regional
Nacro,nacro.org.uk,https://www.nacro.org.uk/,contactus@nacro.org.uk,+44 300 123 1889,Supported living,Bail accommodation | Community accommodation | Emergency accommodation | Housing | Probation accommodation | Supported accommodation | Supported living,,3,4,London Borough of Lewisham | Nottingham City Council | West Berkshire Council | Ministry of Justice,East Midlands | London | National | South East,Regional
New Directions Flexible Social Care Solution,ealing.gov.uk,https://www.ealing.gov.uk,ecirs@ealing.gov.uk,02922 670 540,Supported living,Housing | Supported accommodation | Supported living,,1,1,Ealing,London,Local
New Directions Flexible Social Care Solutions,new-directions.co.uk,https://www.new-directions.co.uk/health-social-care/,enquiries@new-directions.co.uk,+44 1727 602688,Supported living,Community accommodation | Homecare | Housing | Supported accommodation | Supported living,,7,4,The Royal Borough of Kingston upon Thames | Essex County Council | Luton Council | Royal Borough of Kingston Upon Thames,East of England | London,Regional
Newham PDPS Supported Accommodation Framework,newham.gov.uk,https://www.newham.gov.uk/housing/supported-housing,adultsocialcare.commissioning@newham.gov.uk,020 8430 2000,Supported accommodation,Care leavers | Housing | Looked after children | Semi-independent | Supported accommodation,,1,1,London Borough of Newham,London,Local
Newhaven 16 Plus,newhaven16plus.co.uk,https://newhaven16plus.co.uk,info@newhaven16plus.co.uk,020 8504 1000,Supported living,Housing | Supported accommodation | Supported living,,1,1,London Borough of Waltham Forest,London,Local
Next Step Care Management,nscm.co.uk,http://www.nscm.co.uk,info@nscm.co.uk,01737 365 060,Supported living,Housing | Supported accommodation | Supported living,,1,1,London Borough of Waltham Forest,London,Local
North & East London Care,walthamforest.gov.uk,https://www.walthamforest.gov.uk/adults-and-health,asc@walthamforest.gov.uk,020 8496 3000,Supported living,Housing | Supported accommodation | Supported living,,1,1,London Borough of Waltham Forest,London,Local
North Worcestershire Basement Project,basementproject.org,https://www.basementproject.org,info@basementproject.org,01527 832993,Supported living,Housing | Supported accommodation | Supported living,,1,1,Westminster,London,Local
Norwood,norwood.org.uk,https://norwood.org.uk/,info@norwood.org.uk,,Supported living,Housing | Supported living,,1,1,London Borough of Barnet Council,London,Local
Novo Healthcare,novohealthcare.co.uk,http://www.novohealthcare.co.uk/,info@novohealthcare.co.uk,+44 20 8187 7840,Supported living,Homecare | Housing | Supported accommodation | Supported living,,2,2,The Royal Borough of Kingston upon Thames | Royal Borough of Kingston Upon Thames,London,Local
Oakleys Living Limited,oakleyhomegifts.com,http://oakleyhomegifts.com/,info@oakleyhomegifts.com,+44 7969 558273,Supported living,Homecare | Housing | Supported living,,2,1,London Borough of Havering,London,Local
One Housing Group (Lot 4 - Progress Service Low to Medium Suppor,riverside.org.uk,https://www.riverside.org.uk/one-housing-group/,,+44 20 7987 2447,Asylum housing,Asylum housing | Housing,,1,1,London Borough of Camden,London,Local
One Housing Group (Lot 5 - Young Parent High Support Service),onehousing.co.uk,http://www.onehousing.co.uk/,,+44 300 123 9966,Asylum housing,Asylum housing | Housing,,1,1,London Borough of Camden,London,Local
One Housing Group Limited,onehousing.co.uk,http://www.onehousing.co.uk/,,+44 300 123 9966,Supported living,Community accommodation | Housing | Supported accommodation | Supported living,,3,4,London Borough of Hackney | London Borough Of Camden Council | London Borough of Barnet Council | London Borough of Camden,London,Local
Optima,optimahealth.co.uk,http://www.optimahealth.co.uk/,,+44 1327 810797,Supported living,Housing | Supported living,,1,1,London Borough of Barnet Council,London,Local
Origin Housing Ltd,originhousing.org.uk,http://www.originhousing.org.uk/,,+44 300 323 0325,Supported living,Housing | Supported living,,1,1,London Borough of Barnet Council,London,Local
Outlook Care,outlookcare.org.uk,https://www.outlookcare.org.uk/,info@outlookcare.org.uk,+44 1277 633163,Supported living,Homecare | Housing | Supported accommodation | Supported living,,2,2,Southend-On-Sea Borough Council | London Borough of Lewisham,East of England | London,Regional
Outsets Care Services,outsetfostering.co.uk,http://www.outsetfostering.co.uk/,,+44 20 4526 5267,Supported living,Asylum housing | Housing | Supported accommodation | Supported living,,1,1,Tower Hamlets,London,Local
Outward Housing,outward.org.uk,https://www.outward.org.uk/,info@outward.org.uk,+44 20 8980 7101,Supported living,Community accommodation | Homecare | Housing | Supported accommodation | Supported living,,4,2,Tower Hamlets | London Borough of Bromley,London,Local
Outward Housing (Trading as Outward),outward.org.uk,https://www.outward.org.uk/,info@outward.org.uk,+44 20 8980 7101,Supported accommodation,Community accommodation | Housing | Supported accommodation,,1,1,London Borough of Hackney,London,Local
ownlife ltd,ownlife.org.uk,https://www.ownlife.org.uk/,hr@ownlife.org.uk,+44 20 8660 2585,Supported living,Housing | Supported living,,1,1,London Borough of Sutton,London,Local
P & T Care Solutions Ltd,pandtcares4u.uk,http://www.pandtcares4u.uk/,,+44 121 559 8182,Supported living,Homecare | Housing | Supported living,,2,1,London Borough of Havering,London,Local
Pangea Support Services,pangeasupport.com,https://www.pangeasupport.com/,info@pangeasupport.com,+44 7544 777112,Supported living,Asylum housing | Housing | Supported accommodation | Supported living,,1,1,Tower Hamlets,London,Local
Path4You,path4you.co.uk,https://path4you.co.uk,info@path4you.co.uk,0203 633 9939,Supported living,Housing | Supported accommodation | Supported living,,1,2,Westminster City Council | Warwickshire County Council,London | West Midlands,Regional
Pathfinder Care Services,pathfinderscareservices.org,https://www.pathfinderscareservices.org/,,,Supported living,Housing | Supported living,,1,1,London Borough of Sutton,London,Local
PCH Integration Services,pomanda.com,https://pomanda.com/company/11509149/pch-integration-services-ltd,adult.socialcare@merton.gov.uk,01733 555 555,Supported living,Community accommodation | Housing | Supported accommodation | Supported living,,1,2,Peterborough City Council | Merton,East of England | London,Local
Peabody Trust,peabody.org.uk,https://www.peabody.org.uk,supported.housing@peabody.org.uk,0300 123 3456,Supported living,Asylum housing | Community accommodation | Homecare | Housing | Supported accommodation | Supported living,yes,5,5,Essex County Council | Tower Hamlets | Islington Council | London Borough Of Haringey | London Borough of Lewisham,East of England | London,Regional
Peter Bedford Housing Association,peterbedford.org.uk,https://www.peterbedford.org.uk/,admin.email@peterbedford.org.uk,+44 20 3815 4100,Supported accommodation,Community accommodation | Housing | Supported accommodation,,1,1,Islington,London,Local
Phi Capital Investments Ltd,phicapital.in,https://phicapital.in/,phi@phicapital.in,+44 20 7889 3080,Supported living,Emergency accommodation | Emergency housing | Housing | Supported accommodation | Supported living,,1,1,Haringey,London,Local
Place of Progress,walthamforest.gov.uk,https://www.walthamforest.gov.uk,bianca@placeofprogress.org,0203 488 4089,Supported living,Housing | Supported accommodation | Supported living,,1,1,London Borough of Waltham Forest,London,Local
Plus,plus.net,https://www.plus.net/,,+44 1290 422754,Supported living,Housing | Supported living,,1,1,London Borough of Lewisham,London,Local
Pmse London,pmselondonltd.com,https://pmselondonltd.com,info@pmselondonltd.com,01895 437 760,Supported living,Housing | Supported accommodation | Supported living,,1,1,London Borough of Hillingdon,London,Local
Porchlight,porchlight.org.uk,http://www.porchlight.org.uk/,recruitment@porchlight.org.uk,+44 1227 760078,Supported accommodation,Community accommodation | Emergency accommodation | Emergency housing | Housing | Supported accommodation,,2,2,London Borough Of Bexley | Medway Council,London | South East,Regional
Potensial,potens-uk.com,https://potens-uk.com/,info@potens-uk.com,+44 1287 201036,Supported living,Homecare | Housing | Supported accommodation | Supported living,,2,2,Redcar & Cleveland Borough Council | Croydon,London | North East,Local
Preferred Living,walthamforest.gov.uk,https://www.walthamforest.gov.uk/adults-and-health,enquiries@preferhomes.co.uk,+44 20 3286 4815,Supported living,Housing | Supported accommodation | Supported living,,1,3,London Borough of Sutton | Nottingham City Council | London Borough of Waltham Forest,East Midlands | London,Regional
Primrose Healthcare Solutions Services Limited,primrosehealthcaresolutions.co.uk,https://primrosehealthcaresolutions.co.uk/,info@primrosehealthcaresolutions.co.uk,+44 20 3432 3039,Supported living,Homecare | Housing | Supported living,,2,1,London Borough of Havering,London,Local
Professional Supported Living,westminster.gov.uk,https://www.westminster.gov.uk/health-and-social-care,adultsocialcare@westminster.gov.uk,020 7641 6000,Supported living,Housing | Supported accommodation | Supported living,,1,2,Westminster City Council | Warwickshire County Council,London | West Midlands,Regional
Promises of Care,promisesofcare.co.uk,https://promisesofcare.co.uk,info@promisesofcare.co.uk,01902 587 099,Supported living,Housing | Supported accommodation | Supported living,,1,1,London Borough of Waltham Forest,London,Local
Providence Linc United Services,plus-uk.org,https://www.plus-uk.org,info@plus-uk.org,020 8297 1250,Supported living,Housing | Supported accommodation | Supported living,,1,1,London Borough of Lewisham,London,Local
Providence Row Housing Association,prha.net,http://www.prha.net/,info@prha.net,+44 20 7920 7300,Supported accommodation,Community accommodation | Housing | Supported accommodation,,1,1,City of London Corporation,London,Local
Quality Care Surrey,yourqualitycare.com,https://www.yourqualitycare.com/,info@surreyqualitycare.uk,+44 20 8393 3544,Supported living,Homecare | Housing | Supported accommodation | Supported living,,2,2,Luton Council | Ealing,East of England | London,Local
Quaywest Housing,quaywestgroup.co.uk,https://quaywestgroup.co.uk/,info@quaywestgroup.co.uk,+44 333 772 1288,Supported living,Community accommodation | Housing | Supported accommodation | Supported living,,1,4,North Northamptonshire Council | Northamptonshire County Council | Westminster City Council | Warwickshire County Council,East Midlands | London | West Midlands,Regional
Raisso House,raissohouse.co.uk,https://raissohouse.co.uk,info@raissohouse.co.uk,024 7748 8800,Supported living,Housing | Supported accommodation | Supported living,,1,2,Westminster City Council | Warwickshire County Council,London | West Midlands,Regional
Rapha Healthcare,raphahealthcare.co.uk,http://www.raphahealthcare.co.uk/,hello@raphasanctuary.co.uk,+44 7495 130405,Supported living,Homecare | Housing | Supported accommodation | Supported living,,2,2,The Royal Borough of Kingston upon Thames | Royal Borough of Kingston Upon Thames,London,Local
Reach2Care Services,walthamforest.gov.uk,https://www.walthamforest.gov.uk/adults-and-health,asc@walthamforest.gov.uk,020 8496 3000,Supported living,Housing | Supported accommodation | Supported living,,1,1,London Borough of Waltham Forest,London,Local
Red Brick Care Ltd,redbrickcare.com,http://redbrickcare.com/,info@redbrickcare.com,+44 800 020 9472,Supported living,Community accommodation | Homecare | Housing | Supported accommodation | Supported living,,3,6,Brighton and Hove City Council | Lincolnshire County Council | North Northamptonshire Council | Northamptonshire County Council | Westminster City Council,East Midlands | London | South East | West Midlands,Regional
Redbridge Supported Living Framework,redbridge.gov.uk,https://www.redbridge.gov.uk/adult-social-care/housing-and-support/,adultsocialservices@redbridge.gov.uk,020 8554 5000,Supported living,Autism | Housing | Learning disabilities | Mental health | Supported living,,1,1,London Borough of Redbridge,London,Local
Rethink Mental Illness Ltd,rethink.org,https://www.rethink.org/,info@rethink.org,+44 121 522 7007,Supported living,Community accommodation | Housing | Supported accommodation | Supported living,,1,2,Bury Council | Islington Council,London | North West,Regional
Rethink Trading,rethink.org,https://www.rethink.org,info@rethink.org,0121 522 7007,Supported living,Housing | Supported accommodation | Supported living,,1,1,Croydon,London,Local
Richmond Fellowship,richmondfellowship.org.uk,https://www.richmondfellowship.org.uk,enquiries@richmondfellowship.org.uk,020 8748 4747,Supported living,Community accommodation | Homecare | Housing | Supported accommodation | Supported living,yes,8,8,Redcar & Cleveland Borough Council | Bradford Metropolitan District Council | Darlington Borough Council | Suffolk County Council | Durham County Council,East of England | London | North East | South East | Yorkshire & The Humber,Regional
Royal Mencap Society,mencap.org.uk,https://www.mencap.org.uk,information@mencap.org.uk,020 7454 0454,Supported living,Community accommodation | Emergency accommodation | Homecare | Housing | Supported accommodation | Supported living,yes,24,39,Bradford Metropolitan District Council | South Tyneside Council | Warwickshire County Council | Sheffield City Council | The Royal Borough of Kingston upon Thames,East Midlands | East of England | London | National | North East | North West | South East | South West | West Midlands | Yorkshire & The Humber,National
Royal National Mencap Society,mencap.org.uk,http://www.mencap.org.uk/,infoni@mencap.org.uk,+44 20 7454 0454,Supported living,Housing | Supported living,,1,1,London Borough of Barnet Council,London,Local
S & P Care Services,spcare.co.uk,http://spcare.co.uk/,hello@spcare.co.uk,+44 1296 841031,Supported living,Homecare | Housing | Supported accommodation | Supported living,,5,2,Luton Council | Ealing,East of England | London,Local
S P Homes Ltd,spmhomes.co.uk,http://www.spmhomes.co.uk/,,+44 1242 870027,Supported living,Housing | Supported living,,1,1,London Borough of Sutton,London,Local
Saint John of God Hospitaller Services,sjog.uk,https://sjog.uk/,enquiries@sjog.org.uk,+44 1325 373700,Supported living,Emergency accommodation | Homecare | Housing | Supported accommodation | Supported living,,3,3,Bradford Metropolitan District Council | South Tyneside Council | Croydon,London | North East | Yorkshire & The Humber,Regional
Samsara Homes,walthamforest.gov.uk,https://www.walthamforest.gov.uk/adults-and-health,asc@walthamforest.gov.uk,020 8496 3000,Supported living,Housing | Supported accommodation | Supported living,,1,1,London Borough of Waltham Forest,London,Local
Sanctuary Supported Living,sanctuary-supported-living.co.uk,https://www.sanctuary-supported-living.co.uk/,pr@sanctuary.co.uk,+44 1424 436383,Supported living,Community accommodation | Housing | Supported accommodation | Supported living,,5,4,Suffolk County Council | Hartlepool Borough Council | London Borough of Barnet Council | Torbay Council,East of England | London | North East | South West,Regional
Semi-independent House Limited,semi-independent-house.net,https://semi-independent-house.net/,,+44 1733 310386,Supported living,Asylum housing | Community accommodation | Emergency accommodation | Emergency housing | Housing | Supported accommodation | Supported living,,2,6,Northamptonshire County Council | Peterborough City Council | North Northamptonshire Council | Cambridgeshire County Council | Essex County Council,East Midlands | East of England | London,Regional
Sense,sense.org.uk,https://www.sense.org.uk,enquiries@sense.org.uk,0300 330 9256,Supported living,Community accommodation | Homecare | Housing | Supported accommodation | Supported living,yes,5,8,Calderdale Council | Sheffield City Council | In-tend Limited | Hertfordshire County Council | Hertfordshire County Council  - Adult Care Services,East Midlands | East of England | London | National | Yorkshire & The Humber,Regional
Sgsl,skyline-group.net,http://www.skyline-group.net/,jade@skyline-group.net,01992 367246,Supported living,Homecare | Housing | Supported accommodation | Supported living,,2,2,Luton Council | Ealing,East of England | London,Local
SHP Single Homeless Project,shp.org.uk,http://www.shp.org.uk/,info@shp.org.uk,+44 20 4509 8300,Supported accommodation,Community accommodation | Housing | Supported accommodation,,1,1,London Borough of Lewisham,London,Local
Silver Birch,silverbirchcare.com,https://silverbirchcare.com,info@silverbirchcare.com,020 8848 1800,Supported living,Housing | Supported accommodation | Supported living,,1,1,London Borough of Waltham Forest,London,Local
Silver Birch Care,silverbirchcare.com,http://www.silverbirchcare.com/,,+44 20 8848 1800,Supported living,Asylum housing | Community accommodation | Housing | Supported accommodation | Supported living,,2,3,Tower Hamlets | Cambridgeshire County Council | Peterborough City Council,East of England | London,Regional
Single Homeless Project(the),shp.org.uk,https://www.shp.org.uk/,info@shp.org.uk,+44 20 7636 1894,Supported living,Asylum housing | Community accommodation | Emergency accommodation | Emergency housing | Housing | Supported accommodation | Supported living,,4,2,Tower Hamlets | London Borough of Redbridge,London,Local
Sixteen Plus,sixteenplus.co.uk,http://www.sixteenplus.co.uk/,admin@sixteen-plus.co.uk,+44 1733 665106,Supported living,Asylum housing | Community accommodation | Emergency accommodation | Emergency housing | Housing | Supported accommodation | Supported living,,10,15,Peterborough City Council | Cambridgeshire County Council | Nottingham City Council | Bristol City Council | Derby City Council,East Midlands | East of England | London | North East | South West | West Midlands,Regional
SMS Healthcare Services Ltd t/a Everycare Romford,everycare.co.uk,http://www.everycare.co.uk/romford,enquiries@everycare.co.uk,+44 1708 693057,Supported living,Homecare | Housing | Supported living,,2,1,London Borough of Havering,London,Local
Social Interest Group,socialinterestgroup.org.uk,https://socialinterestgroup.org.uk,enquiries@socialinterestgroup.org.uk,020 3668 9270,Supported living,Housing | Mental health step-down accommodation | Supported living,,1,1,London Borough of Enfield,London,Local
Soithside Partnership Certitude,certitude.london,https://certitude.london,info@certitude.london,020 8772 6222,Supported living,Housing | Supported accommodation | Supported living,,1,1,London Borough of Lewisham,London,Local
Southcroft Healthcare Lodge,southcroftlodge.co.uk,https://southcroftlodge.co.uk/,info@southcroftlodge.co.uk,+44 20 8764 9888,Supported living,Homecare | Housing | Supported accommodation | Supported living,,2,3,The Royal Borough of Kingston upon Thames | Croydon | Royal Borough of Kingston Upon Thames,London,Local
Southside Partnership,southsidepartnership.ie,https://southsidepartnership.ie/,info@certitude.london,+44 20 8772 6222,Supported living,Housing | Supported accommodation | Supported living,,1,2,London Borough Of Bexley | Southwark,London,Local
Southside Partnership t/a Certitude,certitude.org.uk,https://certitude.org.uk/,info@certitude.london,+44 20 8299 1582,Supported living,Housing | Supported accommodation | Supported living,,1,2,London Borough of Bromley | London Borough of Lewisham,London,Local
Spire Housing Limited,spireview.org.uk,http://www.spireview.org.uk/,info@spireview.org.uk,+44 141 552 7928,Emergency accommodation,Emergency accommodation | Emergency housing | Housing,,2,2,London Borough Of Bexley | London Borough of Bexley,London,Local
St Annes Community Services,st-annes.org.uk,http://www.st-annes.org.uk/,info@st-annes.org.uk,+44 113 243 5151,Supported living,Homecare | Housing | Supported accommodation | Supported living,,2,3,East Riding of Yorkshire Council | Kirklees Council | Croydon,London | Yorkshire & The Humber,Local
St Basils,stbasils.org.uk,https://www.stbasils.org.uk/,info@stbasils.org.uk,+44 121 766 6907,Supported living,Emergency accommodation | Emergency housing | Housing | Supported accommodation | Supported living,,3,4,Birmingham City Council | Worcestershire County Council | Westminster City Council | Warwickshire County Council,London | West Midlands,Regional
St Christopher's Fellowship (Lot 2 - Assessment and Progres,stchris.org.uk,http://www.stchris.org.uk/,,+44 20 8780 7800,Asylum housing,Asylum housing | Housing,,1,1,London Borough of Camden,London,Local
St Martin of Tours Housing Association Ltd,stmartinoftours.org.uk,https://www.stmartinoftours.org.uk/,,+44 20 7704 3820,Supported living,Community accommodation | Housing | Supported accommodation | Supported living,,2,2,Islington | Islington Council,London,Local
St Mungo Community Housing Association,mungos.org,https://www.mungos.org,info@mungos.org,020 3856 6000,Supported living,Asylum housing | Community accommodation | Emergency accommodation | Emergency housing | Housing | Mental health supported accommodation | Supported accommodation | Supported living,yes,8,9,Gloucestershire County Council | London Borough of Camden | London Borough Of Haringey | Bournemouth Borough Council | Bristol City Council,East of England | London | South East | South West,Regional
St Mungo's,mungos.org,https://www.mungos.org,info@mungos.org,020 3856 6000,Supported living,Emergency accommodation | Emergency housing | Housing | Supported living,,1,2,London Borough of Hounslow | Greater London Authority,London,Local
St Mungos Broadway,mungos.org,https://www.mungos.org/,info@mungos.org,+44 20 8692 3454,Supported accommodation,Community accommodation | Housing | Supported accommodation,,3,1,Islington,London,Local
Starlight Support Services,starlightsupportservices.co.uk,http://www.starlightsupportservices.co.uk/,info@starlightsupportservices.co.uk,+44 121 231 7091,Supported living,Community accommodation | Housing | Supported accommodation | Supported living,,3,5,Northamptonshire County Council | Lincolnshire County Council | Peterborough City Council | Westminster City Council | Warwickshire County Council,East Midlands | East of England | London | West Midlands,Regional
Step Ahead Services,towerhamlets.gov.uk,https://www.towerhamlets.gov.uk/lgnl/health__social_care/adult_social_care,ASC.contactteam@towerhamlets.gov.uk,+44 20 8689 2965,Supported living,Asylum housing | Community accommodation | Emergency accommodation | Emergency housing | Housing | Supported accommodation | Supported living,,5,7,Tower Hamlets | Brighton & Hove City Council | Cambridgeshire County Council | Peterborough City Council | Derby City Council,East Midlands | East of England | London | South East,Regional
Step4Ward Services,step4wd.co.uk,https://step4wd.co.uk/,info@step4wd.co.uk,+44 121 358 7314,Supported living,Asylum housing | Housing | Supported accommodation | Supported living,,1,2,Tower Hamlets | London Borough of Waltham Forest,London,Local
Step4Ward Services Kent,step4wd.co.uk,https://step4wd.co.uk/,info@step4wd.co.uk,01843 220 944,Supported living,Homecare | Housing | Supported accommodation | Supported living,,2,1,London Borough of Waltham Forest,London,Local
sunrise rehabilitation centre,sunrise-recovery.co.uk,https://www.sunrise-recovery.co.uk/,,+44 800 731 2586,Supported living,Homecare | Housing | Supported accommodation | Supported living,,6,2,Luton Council | Ealing,East of England | London,Local
Sunset Rehabiltation Healthcare Centre,sunsetrehabilitation.co.uk,https://www.sunsetrehabilitation.co.uk,info@sunsetrehabilitation.co.uk,020 8949 3939,Supported living,Housing | Supported accommodation | Supported living,,1,1,Royal Borough of Kingston Upon Thames,London,Local
Sunset Rehabiltation Healthcare Centre and Trading Associates Lt,sunrehabilitation.co.uk,https://sunrehabilitation.co.uk/,,+44 1905 612056,Supported living,Homecare | Housing | Supported living,,2,1,The Royal Borough of Kingston upon Thames,London,Local
Supporting Young Futures,syf.org.uk,https://syf.org.uk,info@syf.org.uk,020 8989 0900,Supported living,Housing | Supported accommodation | Supported living,,1,1,London Borough of Waltham Forest,London,Local
Swot Care Ltd,swotcareltd.com,http://swotcareltd.com/,,+44 7963 319314,Supported accommodation,Community accommodation | Housing | Supported accommodation,,1,1,London Borough of Havering,London,Local
TBN People Support,tbnpeoplesupport.co.uk,https://www.tbnpeoplesupport.co.uk,info@tbnpeoplesupport.co.uk,01603 419419,Supported living,Housing | Supported accommodation | Supported living,,1,2,Westminster City Council | Warwickshire County Council,London | West Midlands,Regional
TBTT Direct,westminster.gov.uk,https://www.westminster.gov.uk/health-and-social-care,adultsocialcare@westminster.gov.uk,07860 378196,Supported living,Housing | Supported accommodation | Supported living,,1,2,Westminster City Council | Warwickshire County Council,London | West Midlands,Regional
Team Motivate London ltd,teammotivate.co.uk,https://www.teammotivate.co.uk/,,+44 7879 778038,Supported living,Homecare | Housing | Supported living,,2,1,London Borough of Havering,London,Local
Thames Reach,thamesreach.org.uk,https://thamesreach.org.uk/,enquiries@thamesreach.org.uk,+44 20 3617 6070,Supported accommodation,Community accommodation | Emergency accommodation | Emergency housing | Housing | Supported accommodation,,1,2,London Borough of Sutton | Greater London Authority,London,Local
Thames Reach Charity Ltd,thamesreach.org.uk,https://thamesreach.org.uk/,enquiries@thamesreach.org.uk,02036176070,Emergency accommodation,Emergency accommodation | Emergency housing | Housing,,2,3,City of London Corporation | Hastings Borough Council | London Borough of Hillingdon,London | South East,Regional
Thanet Healthcare,thanethealthcare.co.uk,https://thanethealthcare.co.uk/about-us,,+44 20 8769 9667,Supported living,Homecare | Housing | Supported accommodation | Supported living,,2,2,The Royal Borough of Kingston upon Thames | Royal Borough of Kingston Upon Thames,London,Local
The Artemis Team,theartemisteam.com,http://www.theartemisteam.com/,support@theartemisteam.com,+44 20 8461 4614,Supported living,Housing | Supported living,,1,1,London Borough of Sutton,London,Local
The Barnet Group,thebarnetgroup.org,https://thebarnetgroup.org/,info@thebarnetgroup.org,,Supported living,Housing | Supported living,,1,1,London Borough of Barnet Council,London,Local
The Brandon Trust,brandontrust.org,https://www.brandontrust.org/,info@brandontrust.org,+44 1209 610209,Supported living,Community accommodation | Housing | Supported accommodation | Supported living,,3,4,Oxfordshire County Council | London Borough of Bromley | Hampshire County Council | London Borough of Lewisham,London | South East,Regional
The Camden Society (London),thecamdensociety.co.uk,http://www.thecamdensociety.co.uk/,,+44 300 303 1280,Supported living,Housing | Supported living,,1,1,Tower Hamlets,London,Local
The Coventry Refugee and Migrant Centre,covrefugee.org,http://www.covrefugee.org/,info@covrefugee.org,+44 24 7622 7254,Supported living,Asylum housing | Housing | Supported accommodation | Supported living,,1,3,Coventry - Solihull - Warwickshire | Westminster City Council | Warwickshire County Council,London | West Midlands,Regional
The Cyrenians (Trading as Changing Lives),cyrenians.scot,http://www.cyrenians.scot/,press@cyrenians.scot,+44 131 475 2354,Supported accommodation,Community accommodation | Housing | Supported accommodation,,1,1,London Borough of Barking and Dagenham,London,Local
The Housing Lin Enterprises Ltd,housinglin.org.uk,https://www.housinglin.org.uk/,general@linstone.co.uk,+44 1505 382383,Supported accommodation,Community accommodation | Housing | Supported accommodation,,1,1,The Royal Borough of Kingston upon Thames,London,Local
The Riverside Group,riverside.org.uk,https://www.riverside.org.uk,development@riverside.org.uk,0345 111 0000,Supported living,Adults | Asylum housing | Community accommodation | Emergency accommodation | Emergency housing | Homecare | Housing | Mental health supported accommodation,yes,8,15,Kirklees Council | Gloucestershire County Council | Derby City Council | Suffolk County Council | Wigan Council,East Midlands | East of England | London | North East | North West | South West | Yorkshire & The Humber,National
The Stay Club,thestayclub.com,https://www.thestayclub.com/student-accommodation/north-acton,,+44 20 7267 7774,Emergency housing,Emergency housing | Housing,,1,1,London Borough of Brent,London,Local
The Stepping Stone Project,stepping-stone.org.uk,https://www.stepping-stone.org.uk/,central@stepping-stone.org.uk,+44 1706 526296,Supported living,Community accommodation | Housing | Supported accommodation | Supported living,,1,2,Bolton Council | Haringey,London | North West,Local
Three CS Support,choicesupport.org.uk,https://www.choicesupport.org.uk,enquiries@choicesupport.org.uk,020 7261 4100,Supported living,Housing | Supported accommodation | Supported living,,1,1,London Borough of Lewisham,London,Local
THW Way Care Services,thewaycareservices.co.uk,http://www.thewaycareservices.co.uk,info@thewaycareservices.co.uk,+44 20 8252 3122,Supported living,Asylum housing | Housing | Supported accommodation | Supported living,,1,1,Tower Hamlets,London,Local
Transform Supported Accommodation Ltd.,transformsa.co,http://transformsa.co/,info@transformsa.co,+44 1322 635741,Supported living,Community accommodation | Homecare | Housing | Supported accommodation | Supported living,,2,2,Essex County Council | London Borough of Havering,East of England | London,Regional
Transforming Lives,changinglives.org.uk,https://www.changinglives.org.uk,info@changinglives.org.uk,0191 273 8891,Supported living,Housing | Supported accommodation | Supported living,,1,1,London Borough of Waltham Forest,London,Local
Transforming Lives Co (TLC).,transform-lives.org,https://transform-lives.org/,,+44 20 3719 3563,Supported living,Asylum housing | Community accommodation | Housing | Supported accommodation | Supported living,,3,4,Cambridgeshire County Council | Peterborough City Council | London Borough of Sutton | Nottinghamshire County Council,East Midlands | East of England | London,Regional
Transition Care Peterborough,transitioncare.org.uk,https://transitioncare.org.uk/join-our-team/,info@transitioncare.org.uk,+44 7378 106268,Supported living,Asylum housing | Community accommodation | Housing | Supported accommodation | Supported living,,2,3,Peterborough City Council | Cambridgeshire County Council | Merton,East of England | London,Local
Trends Healthcare,trendshealthcare.co.uk,http://www.trendshealthcare.co.uk/,info@trendshealthcare.co.uk,+44 1702 826090,Supported living,Homecare | Housing | Supported accommodation | Supported living,,2,1,London Borough of Waltham Forest,London,Local
Trinity Homeless Projects,wearetrinity.org.uk,http://www.wearetrinity.org.uk/,info@wearetrinity.org.uk,+44 20 8797 9505,Emergency accommodation,Emergency accommodation | Emergency housing | Housing,,1,1,London Borough of Hillingdon,London,Local
Tropical Care,tropicalcare.uk,https://www.tropicalcare.uk,info@tropicalcare.uk,020 8773 4470,Supported living,Housing | Supported accommodation | Supported living,,1,2,Westminster City Council | Warwickshire County Council,London | West Midlands,Regional
Turning Point,turning-point.co.uk,https://www.turning-point.co.uk,housing@turning-point.co.uk,020 7481 7600,Supported living,Community accommodation | Emergency accommodation | Homecare | Housing | Mental health | Supported accommodation | Supported living,yes,7,30,Bradford Metropolitan District Council | City of Bradford Metropolitan District Council | Milton Keynes Council | Wolverhampton City Council | Royal Borough of Kensington and Chelsea,East Midlands | East of England | London | National | North East | North West | South East | South West | West Midlands | Yorkshire & The Humber,National
UK Care Partnership,ukcarepartnership.com,https://www.ukcarepartnership.com,info@ukcarepartnership.com,01502 732658,Supported living,Housing | Supported accommodation | Supported living,,1,1,London Borough of Waltham Forest,London,Local
Under My Roof Ltd,undermyroof.in,https://undermyroof.in/contact-us/,Bookings@undermyroof.in,+44 1322 521152,Emergency accommodation,Emergency accommodation | Emergency housing | Housing,,1,1,London Borough Of Bexley,London,Local
United Response,unitedresponse.org.uk,https://www.unitedresponse.org.uk/support-area/suffolk/,info.Suffolk@unitedresponse.org.uk,+44 1473 357280,Supported living,Community accommodation | Homecare | Housing | Learning disabilities | Supported accommodation | Supported living,,23,12,Bradford Metropolitan District Council | City of Bradford Metropolitan District Council | North Tyneside Council | Calderdale Council | Kirklees Council,London | North East | North West | Yorkshire & The Humber,Regional
University College London Hospitals NHS Trust,uclh.nhs.uk,https://www.uclh.nhs.uk,communications@uclh.nhs.uk,020 3456 7890,Supported living,Housing | Supported accommodation | Supported living,,1,1,London Borough of Camden,London,Local
Valley Housing,valley-supported-living.org.uk,https://www.valley-supported-living.org.uk,fbarker@valley-supported-living.org.uk,01706 878031,Supported living,Autism | Housing | Learning disabilities | Supported living,,1,1,London Borough of Brent,London,Local
Vineyard Homes,vineyardhomeslimited.co.uk,http://vineyardhomeslimited.co.uk/,info@vineyardhomeslimited.co.uk,+44 845 260 0566,Supported living,Community accommodation | Housing | Supported accommodation | Supported living,,1,3,Nottinghamshire County Council | Westminster City Council | Warwickshire County Council,East Midlands | London | West Midlands,Regional
Visum Consultancy Ltd,schengenvisaconsultancy.co.uk,https://schengenvisaconsultancy.co.uk/,deshraj.singh@schengenvisaconsultancy.co.uk,+44 113 547 4651,Supported living,Housing | Supported living,,1,1,London Borough of Haringey,London,Local
Voyage,voyagemaison.com,https://www.voyagemaison.com/,hello@voyagemaison.com,+44 113 539 9896,Supported living,Community accommodation | Emergency accommodation | Homecare | Housing | Supported accommodation | Supported living,,25,11,Luton Council | Calderdale Council | Sheffield City Council | The Royal Borough of Kingston upon Thames | Derbyshire County Council,East Midlands | East of England | London | North East | South East | South West | Yorkshire & The Humber,National
Voyage 1 Limited,voyagecare.com,https://www.voyagecare.com,referrals@voyagecare.com,0800 035 3776,Supported living,Community accommodation | Homecare | Housing | Supported accommodation | Supported living,yes,8,10,Essex County Council | Coventry City Council | Solihull Metropolitan Borough Council | Warwickshire County Council | Norfolk County Council,East of England | London | West Midlands | Yorkshire & The Humber,Regional
Voyage 1 Limited trading as Voyage Care,voyagecare.com,https://www.voyagecare.com/,info@voyagecare.com,+44 121 523 5493,Supported living,Homecare | Housing | Supported living,,3,2,Derby City Council | London Borough of Brent,East Midlands | London,Regional
Voyage Care,voyagecare.com,https://www.voyagecare.com,referrals@voyagecare.com,0800 035 3776,Supported living,Homecare | Housing | Supported accommodation | Supported living,yes,7,8,Wolverhampton City Council | Leicester City Council | Cheshire west and Chester Borough Council | London Borough of Barnet Council | Milton Keynes Council,East Midlands | London | North West | South East | West Midlands | Yorkshire & The Humber,National
Walsingham,walsingham.org.uk,https://www.walsingham.org.uk/,,,Supported living,Homecare | Housing | Learning disabilities | Supported accommodation | Supported living,,4,4,Luton Council | London Borough of Sutton | Ealing | London Borough of Richmond upon Thames,East of England | London,Regional
Walsingham Support,walsinghamsupport.org.uk,https://www.walsinghamsupport.org.uk,info@walsinghamsupport.org.uk,01263 710000,Supported living,Community accommodation | Homecare | Housing | Supported accommodation | Supported living,yes,4,8,Redcar & Cleveland Borough Council | In-tend Limited | Hertfordshire County Council | Hertfordshire County Council  - Adult Care Services | Doncaster MBC,East of England | London | National | North East | West Midlands | Yorkshire & The Humber,Regional
Waltham Forest 16 Plus Semi-Independent Framework,walthamforest.gov.uk,https://walthamforest.gov.uk/children-and-family-care/care-leavers,childrenscommissioning@walthamforest.gov.uk,020 8496 3000,Supported accommodation,Care leavers | Housing | Looked after children | Supported accommodation,,1,1,London Borough of Waltham Forest,London,Local
We Care Nursing Services Ltd.,wecare-co-uk.ueniweb.com,https://wecare-co-uk.ueniweb.com/?utm_campaign=gmb,,+44 330 055 3286,Supported living,Community accommodation | Emergency accommodation | Homecare | Housing | Supported accommodation | Supported living,,4,5,North Northamptonshire Council | Northamptonshire County Council | Lincolnshire County Council | Peterborough City Council | Merton,East Midlands | East of England | London,Regional
Woodstar Capital,lambeth.gov.uk,https://www.lambeth.gov.uk/lambeth-data-hub/supported-living,asc@lambeth.gov.uk,020 7926 1000,Emergency accommodation,Emergency accommodation | Homelessness | Housing | Temporary accommodation,,1,1,London Borough of Lambeth,London,Local
Yasin  Homes,yasinhomesltd.co.uk,https://yasinhomesltd.co.uk/,,,Emergency accommodation,Emergency accommodation | Emergency housing | Housing,,1,1,London Borough of Hackney,London,Local
Ymca,ymcanewarksherwood.org,https://ymcanewarksherwood.org/climbing,,+44 1636 233125,Supported accommodation,Community accommodation | Emergency accommodation | Emergency housing | Housing | Supported accommodation,,1,5,London Borough of Havering | London Borough of Barking & Dagenham | West Sussex County Council (CAP) | West Sussex County Council | London Borough of Barking and Dagenham,London | South East,Regional
YMCA  Surbiton at (St Paul's Group),ymcastpaulsgroup.org,https://ymcastpaulsgroup.org/ymca-surbiton/,,,Emergency accommodation,Emergency accommodation | Emergency housing | Housing,,1,1,The Royal Borough of Kingston upon Thames,London,Local
YMCA St Pauls Group,ymcastpaulsgroup.org,https://ymcastpaulsgroup.org/centres/ymca-john-innes-youth/,info@ymcastpaulsgroup.org,+44 20 8542 9055,Supported accommodation,Care leavers | Community accommodation | Homelessness | Housing | Looked after children | Supported accommodation | Young people,,1,3,London Borough of Merton | London Borough of Hounslow | London Borough of Harrow,London,Local
YMCA Trinity Group,ymcafitness.org.uk,http://ymcafitness.org.uk/,admin@theymca.org.uk,+44 1223 356998,Supported living,Community accommodation | Housing | Supported accommodation | Supported living,,2,3,Ipswich Borough Council | Peterborough City Council | Merton,East of England | London,Local
Young Futures,youngfutures.org.uk,http://www.youngfutures.org.uk/,info@youngfutures.org.uk,+44 20 7582 7427,Supported living,Asylum housing | Housing | Supported accommodation | Supported living,,1,1,Tower Hamlets,London,Local
Young Roots Care Services,youngroots.co.uk,http://youngroots.co.uk,info@youngroots.co.uk,0208 281 7915,Supported living,Housing | Supported accommodation | Supported living,,1,1,London Borough of Waltham Forest,London,Local
YOUNIQUE Care,youniqueskinclinicandspa.co.uk,http://www.youniqueskinclinicandspa.co.uk/?utm_source=google&utm_medium=wix_google_business_profile&utm_campaign=4532794568524984357,,+44 1543 520026,Supported living,Homecare | Housing | Supported accommodation | Supported living,,2,2,The Royal Borough of Kingston upon Thames | Royal Borough of Kingston Upon Thames,London,Local
Your Absolute Care,absolutecareservice.co.uk,https://www.absolutecareservice.co.uk/,enquiries@absolutecareservice.co.uk,+44 20 3815 5462,Supported living,Community accommodation | Housing | Supported accommodation | Supported living,,1,2,Peterborough City Council | Merton,East of England | London,Local
Zachs Care,zachcareltd.com,https://www.zachcareltd.com,info@zachcareltd.com,01525 306740,Supported living,Housing | Supported accommodation | Supported living,,1,1,Ealing,London,Local
ZFA Group Ltd,zfagroup.com,https://www.zfagroup.com/about-us-t-7,info@zfagroup.com,+44 20 8514 3333,Supported accommodation,Community accommodation | Housing | Supported accommodation,,1,1,City of London Corporation,London,Local
